charge_mwh,discharge_mwh
0,0
0,0
0,0
0,0
0,0
0,0
0,0
0,0
0,0
0.396780376,0
2.133928622,0
2.335468795,0
6.740137737,0
4.127511569,0
8.348575399,0
1.219606505,0
0,0
0,0
0,0
0,0
0,0
0,0
0,0
0,0
0,0
0,0
0,0
0,0
0,0
0,0
0,0
0,0
0,0
0,0
0.4387549,0
0.721808417,0
0.924050134,0
1.327173484,0
0.576331004,0
0,0
0,0
0,0
0,0
0,0
0,0
0,0
0,0
0,0
0,0
0,0
0,0
0,0
0,0
0,0
0,0
0,0
0,0
0,0
0,0
0,0
3.187434262,0
0,0
0,0
0,0
0,0
0,0
0,0
0,0
0,0
0,0
0,0
0,0
0,0
0,0
0,0
0,0
0,0
0,0
0,0
0,0
0,0
0.050264039,0
0.222913636,0
0.332499549,0
1.386903444,0
1.525591405,0
0.958854441,0
0.475440146,0
0,0
0,0
0,0
0,0
0,0
0,0
0,0
0,0
0,0
0,0
0,0
0,0
0,0
0,0
0,0
0,0
0,0
0.395811547,0
1.981177774,0
3.052438818,0
3.12884645,0
2.874564022,0
1.137133523,0
0,0
0,52.70462767
0,47.29537233
0,0
0,0
0,0
0,0
0,0
0,0
0,0
0,0
0,0
0,0
0,0
0,0
0,0
0,0
0,0
0,0
0.207327183,0
0.150113246,0
0.875080622,0
5.859487786,0
11.13776588,0
1.744059724,0
0,0
0,0
0,0
0,0
0,0
0,0
0,0
0,0
0,0
0,0
0,0
0,0
0,0
0,0
0,0
0,0
0,0
0.757575402,0
0.99027567,0
0.76978473,0
0.832267114,0
1.383745337,0
0.720752583,0
0.135322477,0
0,0
0,0
0,0
0,0
0,0
0,0
0,0
0,0
0,0
0,0
0,0
0,0
0,0
0,0
0,0
0,0
0,0
1.054902405,0
3.980599442,0
4.859733834,0
5.187827885,0
7.051350876,0
9.62256018,0
1.42874885,0
0,0
0,0
0,0
0,0
0,0
0,0
0,0
0,0
0,0
0,0
0,0
0,0
0,0
0,0
0,0
0,17.84771314
0,0
0.502046265,0
1.046449541,0
1.264217085,0
1.503579173,0
2.982820802,0
3.36583417,0
1.13811254,0
0,0
0,52.70462767
0,0
0,0
0,0
0,0
0,0
0,0
0,0
0,0
0,0
0,0
0,0
0,0
0,0
0,0
0,0
0,0
0,0
0,0
0,0
0,0
0,0
0,0
0,0
0,0
0,0
0,0
0,0
0,0
0,0
0,0
0,0
0,0
0,0
0,0
0,0
0,0
0,0
0,0
0,0
2.090800288,0
5.180529769,0
15.02901729,0
12.68843483,0
14.84747605,0
5.526790004,0
0,2.658420561
0,52.70462767
0,0
0,0
0,0
0,0
0,0
0,0
0,0
0,0
0,0
0,0
0,0
0,0
0,0
0,0
0,0
0,0
0.583608359,0
0.823801229,0
0.597333572,0
0.534115975,0
0.656380733,0
0.813460478,0
0.315015954,0
0,0
0,4.323716299
0,0
0,0
0,0
0,0
0,0
0,0
0,0
0,0
0,0
0,0
0,0
0,0
0,0
0,0
0,0
0,0
5.673983802,0
4.302454652,0
5.409274804,0
2.876950662,0
2.425058301,0
0.838122531,0
0,21.52584475
0,0
0,0
0,0
0,0
0,0
0,0
0,0
0,0
0,0
0,0
0,0
0,0
0,0
0,0
0,0
0,0
5.154969942,0
15.40109671,0
21.7033608,0
9.71490172,0
0.730298496,0
0,0
0,52.70462767
0,0
0,0
0,0
0,0
0,0
0,0
0,0
0,0
0,0
0,0
0,0
0,0
0,0
0,0
0,0
0,0
0,0
7.679766573,0
18.66568455,0
26.17974901,0
27.74351622,0
18.6231568,0
1.108126852,0
0,0
0,0
0,0
0,0
0,0
0,0
0,0
0,0
0,0
0,0
0,0
0,0
0,0
0,0
0,0
0,0
0,0
0,52.70462767
0,0
0,0
0,0
21.85496738,0
13.79198454,0
2.207735813,0
0,0
0,0
0,0
0,0
0,0
0,0
0,0
0,0
0,0
0,0
0,0
0,0
0,0
0,0
0,0
0,0
0,0
0,0
0.535936481,0
1.824467245,0
3.138362933,0
3.779124367,0
3.464344116,0
1.449775191,0
0.657929603,0
0,0
0,0
0,0
0,0
0,0
0,0
0,0
0,0
0,0
0,0
0,0
0,0
0,0
0,0
0,0
0,52.70462767
0,47.29537233
0,0
14.89297532,0
28.46643484,0
29.38438928,0
27.25620056,0
0,0
0,0
0,1.908984928
0,0
0,0
0,0
0,0
0,0
0,0
0,0
0,0
0,0
0,0
0,0
0,0
0,0
0,0
0,0
0,0
0,0
1.908984928,0
0,0
0,0
0,0
0,0
0,0
0,0
0,0
0,0
0,0
0,0
0,0
0,0
0,0
0,0
0,0
0,0
0,0
0,0
0,0
0,0
0,52.70462767
0,47.29537233
0,0
0,0
0,0
25.46106208,0
17.26048678,0
0,0
0,0
0,0
0,42.72154886
0,0
0,0
0,0
0,0
0,0
0,0
0,0
0,0
0,0
0,0
0,0
0,0
0,0
0,0
0,0
0,0
0,0
14.95691599,0
22.84139607,0
23.86922839,0
9.609880638,0
4.891273638,0
0,23.46406706
0,52.70462767
0,0
0,0
0,0
0,0
0,0
0,0
0,0
0,0
0,0
0,0
0,0
0,0
0,0
0,0
0,0
7.241343899,0
15.14839594,0
25.68873077,0
25.49225883,0
15.46366626,0
10.9656043,0
0,0
0,0
0,0
0,0
0,0
0,0
0,0
0,0
0,0
0,0
0,0
0,0
0,0
0,0
0,0
0,0
0,47.29537233
0,52.70462767
0,0
0,0
16.02920066,0
16.30523433,0
15.86601539,0
7.415872613,0
4.772035824,0
0,0
0,0
0,0
0,0
0,0
0,0
0,0
0,0
0,0
0,0
0,0
0,0
0,0
0,0
0,0
0,7.683731142
0,52.70462767
0,0
0,0
21.37470799,0
27.11734007,0
28.76139799,0
19.43799826,0
3.308555684,0
0,47.29537233
0,52.70462767
0,0
0,0
0,0
0,0
0,0
0,0
0,0
0,0
0,0
0,0
0,0
0,0
0,0
0,0
0.089749288,0
2.668700306,0
5.986058883,0
7.200774302,0
6.745760537,0
8.547754502,0
2.895691099,0
1.90766128,0
0,0
0,0
0,0
0,0
0,0
0,0
0,0
0,0
0,0
0,0
0,0
0,0
0,0
0,0
0,0
0,0
0,0
0,0
0,0
0,0
0,0
30.25023981,0
19.96601405,0
4.287252791,0
0,0
0,0
0,0
0,0
0,0
0,0
0,0
0,0
0,0
0,0
0,0
0,0
0,0
0,0
0,0
0,0
0,37.84102918
0,0
0,0
0,0
0,0
0,0
0,0
0,0
0,0
0,52.70462767
0,0
0,0
0,0
0,0
0,0
0,0
0,0
0,0
0,0
0,0
0,0
0,0
0,0
0,0
0,0
0,0
0,0
0,0
0,0
0,0
6.95456046,0
1.171751956,0
0,8.126312416
0,0
0,0
0,0
0,0
0,0
0,0
0,0
0,0
0,0
0,0
0,0
0,0
0,0
0,0
0,0
0.167709696,0
0,0
0,0
0,0
0,0
0,0
16.52588851,0
0,0
0,16.69359821
0,0
0,0
0,0
0,0
0,0
0,0
0,0
0,0
0,0
0,0
0,0
0,0
0,0
0,0
0,0
0,0
0,0
0,0
0,0
28.74999758,0
32.25184366,0
24.70103896,0
14.2971198,0
0,0
0,0
0,0
0,0
0,0
0,0
0,0
0,0
0,0
0,0
0,0
0,0
0,0
0,0
0,0
0,52.70462767
0,2.956093601
0,0
1.584964673,0
5.075635571,0
3.056997725,0
8.06516593,0
6.181323446,0
5.311553413,0
0.614807022,0
0,0
0,0
0,0
0,0
0,0
0,0
0,0
0,0
0,0
0,0
0,0
0,0
0,0
0,0
0,52.70462767
0,0
0,0
0,0
22.65674265,0
23.80662456,0
20.73246857,0
11.27906538,0
0,0
0,0
0,0
0,0
0,0
0,0
0,0
0,0
0,0
0,0
0,0
0,0
0,0
0,0
0,0
0,0
0,0
0,52.70462767
0,0
0,0
15.28391289,0
37.42071478,0
0,0
0,0
0,0
0,47.29537233
0,52.70462767
0,0
0,0
0,0
0,0
0,0
0,0
0,0
0,0
0,0
0,0
0,0
0,0
0,0
0,0
0.084199768,0
7.61917098,0
26.15714618,0
15.33430047,0
11.49656813,0
7.550426695,0
9.201632673,0
2.204117138,0
0.112090026,0
0,0
0,0
0,0
0,0
0,0
0,0
0,0
0,0
0,0
0,0
0,0
0,0
0,0
0,0
0,27.0550244
0,52.70462767
0,0
0,0
0,0
36.65859752,0
37.50234871,0
25.83905377,0
0,0
0,0
0,38.53441419
0,0
0,0
0,0
0,0
0,0
0,0
0,0
0,0
0,0
0,0
0,0
0,0
0,0
0,0
0.857718404,0
5.641965263,0
7.277862748,0
4.960295024,0
6.670119457,0
6.26624263,0
4.845465422,0
1.679917969,0
0.334827278,0
0,0
0,0
0,0
0,0
0,0
0,0
0,0
0,0
0,0
0,0
0,0
0,0
0,0
0,33.99256857
0,52.70462767
0,0
0,0
16.88429643,0
16.65391874,0
18.87813599,0
19.44442536,0
14.83641971,0
0,0
0,0
0,47.29537233
0,0
0,0
0,0
0,0
0,0
0,0
0,0
0,0
0,0
0,0
0,0
0,0
0,0
0,52.70462767
0.102860688,0
5.908964371,0
15.34613908,0
23.26611249,0
19.97574359,0
17.13074678,0
11.19533698,0
7.074096025,0
0,0
0,52.70462767
0,47.29537233
0,0
0,0
0,0
0,0
0,0
0,0
0,0
0,0
0,0
0,0
0,0
0,0
0,0
0,0
0,0
0,0
0,0
41.47532056,0
38.77283093,0
0,0
0,52.70462767
0,27.54352382
0,0
0,0
0,0
0,0
0,0
0,0
0,0
0,0
0,0
0,0
0,0
0,0
0,0
0,0
0,0
1.866389371,0
7.752366134,0
13.68487425,0
10.14417467,0
10.43801232,0
7.312253273,0
7.364550523,0
8.40621337,0
3.523484374,0
0,0
0,0
0,0
0,0
0,0
0,0
0,0
0,0
0,0
0,0
0,0
0,0
0,0
0,0
0,17.78769062
0,52.70462767
0,0
0,0
0,0
0,0
12.38910104,0
3.93218203,0
2.15723781,0
0.151455429,0
0,0
0,0
0,0
0,0
0,0
0,0
0,0
0,0
0,0
0,0
0,0
0,0
0,0
0,0
0,0
1.11899751,0
5.592438457,0
14.86538967,0
25.43831327,0
7.152892895,0
27.20199189,0
0,0
0,0
0,0
0,0
0,0
0,0
0,0
0,0
0,0
0,0
0,0
0,0
0,0
0,0
0,0
0,0
0,0
0,52.70462767
0,47.29537233
0,0
0,0
0,0
25.9613531,0
29.11757206,0
20.91780545,0
11.0783204,0
0,17.17152141
0,0
0,0
0,0
0,0
0,0
0,0
0,0
0,0
0,0
0,0
0,0
0,0
0,0
0,0
0,52.70462767
0,0
0,0
0,0
0,0
42.94456754,0
39.85653052,0
0,0
0,0
0,0
0,52.70462767
0,0
0,0
0,0
0,0
0,0
0,0
0,0
0,0
0,0
0,0
0,0
0,0
0,0
0,47.29537233
0,0
0,0
0,0
29.30314886,0
34.77565071,0
35.92120044,0
0,0
0,0
0,0
0,52.70462767
0,47.29537233
0,0
0,0
0,0
0,0
0,0
0,0
0,0
0,0
0,0
0,0
0,0
0,0
0,0
0,0
11.95942351,0
16.6640755,0
15.98322315,0
17.80891071,0
11.62259915,0
10.51674723,0
5.104570333,0
0,0
0,36.95492189
0,0
0,0
0,0
0,0
0,0
0,0
0,0
0,0
0,0
0,0
0,0
0,0
0,0
0,52.70462767
0,0
0,0
10.25782201,0
13.03720657,0
18.46499864,0
11.68665969,0
13.05532174,0
4.591284201,0
0,18.38866518
0,52.70462767
0,0
0,0
0,0
0,0
0,0
0,0
0,0
0,0
0,0
0,0
0,0
0,0
0,0
0,0
0,0
0,0
0,0
0,0
0,0
0,0
4.272406785,0
13.82886909,0
0,0
0,18.10127588
0,0
0,0
0,0
0,0
0,0
0,0
0,0
0,0
0,0
0,0
0,0
0,0
0,0
0,0
0,0
14.60975693,0
12.85487942,0
10.6621492,0
17.10023468,0
16.34951833,0
19.89941157,0
8.524049876,0
0,0
0,52.70462767
0,0
0,0
0,0
0,0
0,0
0,0
0,0
0,0
0,0
0,0
0,0
0,0
0,0
0,0
0,47.29537233
0,0
0,0
9.202774944,0
46.77998495,0
44.01724011,0
0,0
0,0
0,0
0,49.84672118
0,0
0,0
0,0
0,0
0,0
0,0
0,0
0,0
0,0
0,0
0,0
0,0
0,0
0,0
2.215162814,0
4.315716411,0
4.314010532,0
5.796510005,0
6.006753753,0
5.779254436,0
7.697392588,0
8.411899732,0
5.310020909,0
0,0
0,0
0,0
0,0
0,0
0,0
0,0
0,0
0,0
0,0
0,0
0,0
0,0
0,0
0,0
0,0
0,0
0,0
0,0
0,0
0,0
0,0
0,0
0,0
0,52.70462767
0,47.29537233
0,0
0,0
0,0
0,0
0,0
0,0
0,0
0,0
0,0
0,0
0,0
0,0
0,0
0,0
7.793431925,0
12.66698509,0
18.12584097,0
18.21440571,0
21.06734296,0
18.24274127,0
3.889252075,0
0,0
0,47.29537233
0,0
0,0
0,0
0,0
0,0
0,0
0,0
0,0
0,0
0,0
0,0
0,0
0,0
0,52.70462767
0,0
0,0
0,0
0,0
0,0
8.341939551,0
15.65823966,0
4.98534971,0
0,0
0,28.98552893
0,0
0,0
0,0
0,0
0,0
0,0
0,0
0,0
0,0
0,0
0,0
0,0
0,0
0,0
0,0
0,0
0,0
0,0
0,0
0,0
0,0
0,0
0,0
0,0
0,0
0,0
0,0
0,0
0,0
0,0
0,0
0,0
0,0
0,0
0,0
0,0
0,0
0,0
0,0
0,0
0,0
0,0
21.13263099,0
41.3221983,0
37.54517071,0
0,0
0,0
0,0
0,0
0,0
0,0
0,0
0,0
0,0
0,0
0,0
0,0
0,0
0,0
0,0
0,0
0,52.70462767
0,0
0,47.29537233
0,0
5.75073183,0
47.4341649,0
46.81510327,0
0,0
0,0
0,0
0,0
0,0
0,0
0,0
0,0
0,0
0,0
0,0
0,0
0,0
0,0
0,0
0,0
0,47.29537233
0,52.70462767
0,0
0,0
33.63330955,0
27.29079752,0
21.62340884,0
12.01427443,0
5.438209661,0
0,0
0,0
0,47.29537233
0,52.70462767
0,0
0,0
0,0
0,0
0,0
0,0
0,0
0,0
0,0
0,0
0,0
0,0
0,0
0,0
0,0
11.42940386,0
28.33526532,0
27.10131336,0
33.13401746,0
0,0
0,0
0,0
0,52.70462767
0,47.29537233
0,0
0,0
0,0
0,0
0,0
0,0
0,0
0,0
0,0
0,0
0,0
0,0
0,0
0,0
0,0
10.41478911,0
24.21008607,0
26.98274689,0
38.39237793,0
0,0
0,0
0,0
0,52.70462767
0,0
0,0
0,0
0,0
0,0
0,0
0,0
0,0
0,0
0,0
0,0
0,0
0,47.29537233
0,0
0,0
0,0
5.887423916,0
46.67841118,0
47.4341649,0
0,0
0,0
0,0
0,0
0,0
0,0
0,0
0,0
0,0
0,0
0,0
0,0
0,0
0,0
0,0
0,0
0,0
0,47.29537233
0,52.70462767
0,0
0,0
0,0
0,0
0,0
0,0
39.47204543,0
30.55039157,0
15.98018102,0
2.852833307,0
0,0
0,0
0,0
0,0
0,0
0,0
0,0
0,0
0,0
0,0
0,0
0,0
0,36.15082366
0,52.70462767
0,0
0,0
0,0
47.4341649,0
47.4341649,0
5.131670195,0
0,0
0,0
0,0
0,52.70462767
0,47.29537233
0,0
0,0
0,0
0,0
0,0
0,0
0,0
0,0
0,0
0,0
0,0
0,0
0,0
0,0
32.17064307,0
20.39519203,0
0,0
47.4341649,0
0,0
0,0
0,0
0,0
0,0
0,0
0,0
0,0
0,0
0,0
0,0
0,0
0,0
0,0
0,0
0,0
0,0
0,0
0,52.70462767
0,47.29537233
0,0
0,0
0,0
47.4341649,0
43.75788105,0
8.807954045,0
0,0
0,0
0,52.70462767
0,47.29537233
0,0
0,0
0,0
0,0
0,0
0,0
0,0
0,0
0,0
0,0
0,0
0,0
0,0
0,0
0,0
24.41261871,0
26.67214702,0
34.2103952,0
14.70483907,0
0,0
0,0
0,0
0,0
0,0
0,0
0,0
0,0
0,0
0,0
0,0
0,0
0,0
0,0
0,0
0,0
0,0
0,52.70462767
0,47.29537233
0,0
0,0
47.4341649,0
47.4341649,0
5.131670195,0
0,0
0,0
0,0
0,47.29537233
0,52.70462767
0,0
0,0
0,0
0,0
0,0
0,0
0,0
0,0
0,0
0,0
0,0
0,0
0,0
0,0
0,0
0,0
0,0
45.17022199,0
47.4341649,0
7.395613112,0
0,0
0,0
0,52.70462767
0,47.29537233
0,0
0,0
0,0
0,0
0,0
0,0
0,0
0,0
0,0
0,0
0,0
0,0
0,0
0,0
0,0
0,0
0,0
23.31402176,0
30.62420382,0
28.37667991,0
17.68509451,0
0,0
0,52.70462767
0,47.29537233
0,0
0,0
0,0
0,0
0,0
0,0
0,0
0,0
0,0
0,0
0,0
0,0
0,0
0,0
0,0
0,0
5.131670195,0
47.4341649,0
47.4341649,0
0,0
0,0
0,0
0,52.70462767
0,47.29537233
0,0
0,0
0,0
0,0
0,0
0,0
0,0
0,0
0,0
0,0
0,0
0,0
5.979862464,0
16.19679946,0
0,22.17666192
0,0
23.12938058,0
29.34654204,0
26.4509153,0
21.07316208,0
0,0
0,0
0,52.70462767
0,47.29537233
0,0
0,0
0,0
0,0
0,0
0,0
0,0
0,0
0,0
0,0
0,0
0,0
0.041556632,0
0.837840286,0
0.922835124,0
1.931123355,0
2.176335997,0
6.704178654,0
13.76683828,0
11.18252406,0
9.243660461,0
4.055396028,0
0.334929389,0
0,0
0,0
0,0
0,0
0,0
0,0
0,0
0,0
0,0
0,0
0,0
0,0
0,0
0,51.19721826
0,0
0,0
10.94403742,0
13.67530096,0
30.137399,0
4.669490903,0
40.57377172,0
0,0
0,0
0,0
0,0
0,0
0,0
0,0
0,0
0,0
0,0
0,0
0,0
0,0
0,0
0,0
0,47.29537233
0,52.70462767
0,0
0,0
0,0
47.4341649,0
47.4341649,0
5.131670195,0
0,0
0,0
0,0
0,0
0,0
0,0
0,0
0,0
0,0
0,0
0,0
0,0
0,0
0,0
0,0
0,0
0,52.70462767
0,47.29537233
0,0
0,0
0,0
27.09031939,0
22.52642506,0
22.78577131,0
16.1775273,0
0,0
0,35.87541539
0,52.70462767
0,0
0,0
0,0
0,0
0,0
0,0
0,0
0,0
0,0
0,0
0,0
0,0
0,0
0,0
0,0
0,0
0,0
0,0
33.11559759,0
34.35280141,0
32.531601,0
0,0
0,0
0,0
0,0
0,0
0,0
0,0
0,0
0,0
0,2.098475062
0,0
0,0
0,0
0,0
0,0
0,0
2.098475062,0
0,52.70462767
0,3.411659975
0,0
26.20687758,0
29.90941007,0
0,0
0,0
0,0
0,0
0,47.29537233
0,52.70462767
0,0
0,0
0,0
0,0
0,0
0,0
0,0
0,0
0,0
0,0
0,0
0,0
0,0
0,0
10.79943659,0
16.76186322,0
19.16465391,0
19.53277512,0
19.79931225,0
13.94195891,0
0,0
0,0
0,0
0,52.70462767
0,0
0,0
0,0
0,0
0,0
0,0
0,0
0,0
0,0
0,0
0,0
0,47.29537233
0,0
0,0
0,0
2.139539792,0
7.261158616,0
11.96250118,0
38.24709739,0
25.05332329,0
15.33637973,0
0,0
0,47.29537233
0,52.70462767
0,0
0,0
0,0
0,0
0,0
0,0
0,0
0,0
0,0
0,0
0,0
0,0
0,0
0,0
0,0
0,0
0,0
0,0
0,0
4.574899831,0
0,0
0,0
0,4.574899831
0,0
0,0
0,0
0,0
0,0
0,0
0,0
0,0
0,0
0,0
0,0
0,0
0,0
0,0
0,0
0,0
8.728654843,0
5.291461549,0
4.531102153,0
4.571887651,0
0,0
0,0
0,0
0,21.55669702
0,0
0,0
0,0
0,0
0,0
0,0
0,0
0,0
0,0
0,0
0,0
0,0
0,0
0,0
0,0
18.95162423,0
8.222866715,0
23.82493497,0
47.4341649,0
0,0
0,0
0,0
0,0
0,0
0,52.70462767
0,47.29537233
0,0
0,0
0,0
0,0
0,0
0,0
0,0
0,0
0,0
0,0
0,0
0,0
0,0
0,0
0,0
0,0
47.4341649,0
6.828396013,0
45.73743908,0
0,0
0,47.29537233
0,52.70462767
0,0
0,0
0,0
0,0
0,0
0,0
0,0
0,0
0,0
0,0
0,0
0,0
0.289770997,0
5.379869078,0
0,0
0,0
29.21445077,0
40.65637731,0
24.45953184,0
0,0
0,0
0,0
0,0
0,47.29537233
0,52.70462767
0,0
0,0
0,0
0,0
0,0
0,0
0,0
0,0
0,0
0,0
0,0
0.786277036,0
0,0
0,0
0,0.786277036
0,0
33.58117319,0
21.99245685,0
44.42636996,0
0,0
0,0
0,0
0,0.138770925
0.138770925,0
0,0
0,0
0,0
0,0
0,0
0,0
0,0
0,0
0,0
0,0
0,52.70462767
0,47.29537233
0,0
0,0
0,0
0,0
0,0
47.4341649,0
47.4341649,0
5.131670195,0
0,0
0,0
0,0.179330109
0.179330109,0
0,0
0,0
0,0
0,0
0,0
0,0
0,0
0,0
0,0
0,0
0,52.70462767
0,47.29537233
0,0
0,0
5.131670195,0
47.4341649,0
47.4341649,0
0,0
0,0
0,0
0,0
0,0
0,47.29537233
0,52.70462767
0,0
0,0
0,0
0,0
0,0
0,0
0,0
0,0
0,0
0,0
0,0
0,0
0,0
0,0
0,0
6.397558513,0
27.84727006,0
23.12867692,0
21.41613703,0
21.21035748,0
0,0
0,47.29537233
0,52.70462767
0,0
0,0
0,0
0,0
0,0
0,0
0,0
0,0
0,0
0,0
0,0
0,0
0,0
1.565815363,0
3.434721287,0
2.254628714,0
2.542545166,0
3.551548514,0
4.398233446,0
7.090932758,0
8.206950304,0
8.236447821,0
7.212318674,0
1.986008166,0
0.019604315,0
0,0
0,0
0,0
0,0
0,0
0,0
0,0
0,0
0,0
0,0
0,0
0,50.49975453
0,0
0,0
0,0
0,0
15.14392505,0
19.02959224,0
18.53111038,0
0,0
0,0
0,52.70462767
0,0
0.068249247,0
0,0
0,0
0,0
0,0
0,0
0,0
0,0
0,0
0,0
0,0
0,0
2.093929611,0
0,2.162178858
0,0
0,0
0,0
5.131670195,0
47.4341649,0
47.4341649,0
0,0
0,0
0,0
0,47.29537233
0,0
0,0
0,0
0,0
0,0
0,0
0,0
0,0
0,0
0,0
0,0
0,0
0,0
0,52.70462767
0,0
0,0
0,0
5.131670195,0
47.4341649,0
47.4341649,0
0,0
0,0
0,0
0,0
0,0
0,0
0,0
0,0
0,0
0,0
0,0
0,0
0,0
0,0
0,0
0,52.70462767
0,47.29537233
0,0
0,0
0,0
0,0
47.4341649,0
47.4341649,0
5.131670195,0
0,0
0,0
0,0
0,0
0,0
0,0
0,0
0,0
0,0
0,0
0,0
0,0
0,0
0,0
0,0
0,52.70462767
0,47.29537233
0,0
0,0
0,0
0,0
47.4341649,0
47.4341649,0
5.131670195,0
0,0
0,0
0,0
0,47.29537233
0,0
0,0
0,0
0,0
0,0
0,0
0,0
0,0
0,0
0,0
0,0
0,52.70462767
0,0
0,0
0,0
0,0
5.131670195,0
0,0
47.4341649,0
47.4341649,0
0,0
0,0
0,0
0,52.70462767
0,47.29537233
0,0
0,0
0,0
0,0
0,0
0,0
0,0
0,0
0,0
0,0
0,0
0,0
0,0
0,0
0,0
47.4341649,0
47.4341649,0
5.131670195,0
0,0
0,0
0,0
0,52.70462767
0,0
0,47.29537233
0,0
0,0
0,0
0,0
0,0
0,0
0,0
0,0
0,0
0,0
0,0
0,0
0,0
0,0
0,0
5.131670195,0
47.4341649,0
47.4341649,0
0,0
0,0
0,0
0,0
0,52.70462767
0,0
0,0
0,47.29537233
0,0
0,0
0,0
0,0
0,0
0,0
0,0
0,0
0,0
0,0
0,0
0,0
5.131670195,0
47.4341649,0
47.4341649,0
0,0
0,0
0,0
0,0
0,0
0,0
0,52.70462767
0,47.29537233
0,0
0,0
0,0
0,0
0,0
0,0
0,0
0,0
0,0
0,0
0,0
0,0
0,0
0,0
0,0
5.131670195,0
47.4341649,0
47.4341649,0
0,0
0,0
0,0
0,47.29537233
0,52.70462767
0,0
0,0
0,0
0,0
0,0
0,0
0,0
0,0
0,0
0,0
0,0
0,0
0,0
0,0
0,0
0,0
0,0
47.4341649,0
47.4341649,0
5.131670195,0
0,0
0,0
0,1.95378893
1.95378893,0
0,0
0,0
0,0
0,0
0,0
0,0
0,0
0,0
0,0
0,0
0,47.29537233
0,52.70462767
0,0
0,0
0,0
0,0
5.131670195,0
47.4341649,0
47.4341649,0
0,0
0,0
0,0
0,47.29537233
0,52.70462767
0,0
0,0
0,0
0,0
0,0
0,0
0,0
0,0
0,0
0,0
0,0
0,0
0,0
0,0
0,0
0,0
22.05273679,0
0,0
47.4341649,0
0,0
17.14166877,0
9.295535191,0
3.70399345,0
0.371900896,0
0,0
0,0
0,0
0,0
0,0
0,0
0,0
0,0
0,0
0,0
0,47.29537233
0,52.70462767
0,0
0,0
0,0
0,0
0,0
5.131670195,0
47.4341649,0
47.4341649,0
0,0
0,0
0,0
0,0
0,0
0,0
0,0
0,0
0,0
0,0
0,0
0,0
0,0
0,0
0,47.29537233
0,52.70462767
0,0
0,0
0,0
0,0
47.4341649,0
28.13183451,0
0,0
24.43400059,0
0,0
0,0
0,47.29537233
0,52.70462767
0,0
0,0
0,0
0,0
0,0
0,0
0,0
0,0
0,0
0,0
0.285906273,0
0,0.285906273
0,0
0,0
0,0
24.11904127,0
41.92731779,0
33.95364093,0
0,0
0,0
0,0
0,0
0,0
0,0
0,0
0,0
0,0
0,0
0,0
0,0
0,0
0,0
0,0
0,0
0,0
0,0
0,52.70462767
0,47.29537233
0,0
0,0
0,0
47.4341649,0
47.4341649,0
5.131670195,0
0,0
0,0
0,0
0,0
0,0
0,0
0,0
0,0
0,0
0,0
0,0
0,0
0,0
0,0
0,47.29537233
0,52.70462767
0,0
0,0
0,0
0,0
0,0
5.131670195,0
47.4341649,0
47.4341649,0
0,0
0,0
0,47.29537233
0,0
0,0
0,0
0,0
0,0
0,0
0,0
0,0
0,0
0,0
0,0
0,0
0,52.70462767
0,0
0,0
0,0
0,0
0,0
5.131670195,0
47.4341649,0
47.4341649,0
0,0
0,0
0,0
0,52.70462767
0,0
0,0
0,0
0,0
0,0
0,0
0,0
0,0
0,0
0,0
0,47.29537233
0,0
0,0
0,0
0,0
0,0
5.131670195,0
47.4341649,0
47.4341649,0
0,0
0,0
0,0
0,0
0,0
0,0
0,0
0,0
0,0
0,0
0,0
0,0
0,0
0,0
0,0
0,0
0,52.70462767
0,47.29537233
0,0
0,0
0,0
0,0
47.4341649,0
47.4341649,0
5.131670195,0
0,0
0,0
0,0
0,0
0,0
0,0
0,0
0,0
0,0
0,0
0,0
0,0
0,0
0,0
0,47.29537233
0,52.70462767
0,0
0,0
0,0
0,0
47.4341649,0
47.4341649,0
5.131670195,0
0,0
0,0
0,0
0,47.29537233
0,52.70462767
0,0
0,0
0,0
0,0
0,0
0,0
0,0
0,0
0,0
0,0
0,0
0,0
0,0
0,0
0,0
5.131670195,0
47.4341649,0
47.4341649,0
0,0
0,0
0,0
0,0
0,0
0,0
0,0
0,0
0,0
0,0
0,0
0,0
0,0
0,0
0,0
0,0
0,52.70462767
0,47.29537233
0,0
0,0
0,0
0,0
47.4341649,0
47.4341649,0
5.131670195,0
0,0
0,0
0,0
0,52.70462767
0,47.29537233
0,0
0,0
0,0
0,0
0,0
0,0
0,0
0,0
0,0
0,0
0,0
0,0
0,0
0,0
0,0
5.131670195,0
47.4341649,0
47.4341649,0
0,0
0,0
0,0
0,0
0,47.29537233
0,52.70462767
0,0
0,0
0,0
0,0
0,0
0,0
0,0
0,0
0,0
0,0
0,0
0,0
0,0
0,0
0,0
0,0
0,0
47.4341649,0
47.4341649,0
5.131670195,0
0,0
0,0
0,0
0,0
0,0
0,0
0,0
0,0
0,0
0,0
0,0
0,0
0,0
0,0
0,47.29537233
0,52.70462767
0,0
0,0
0,0
47.4341649,0
0,0
5.131670195,0
47.4341649,0
0,0
0,0
0,0
0,0
0,0
0,0
0,0
0,0
0,0
0,0
0,0
0,0
0,0
0,0
0,0
0,52.70462767
0,47.29537233
0,0
0,0
0,0
0,0
47.4341649,0
5.131670195,0
47.4341649,0
0,0
0,0
0,0
0,0
0,52.70462767
0,47.29537233
0,0
0,0
0,0
0,0
0,0
0,0
0,0
0,0
0,0
0,0
0,0
0,0
0,0
0,0
0,0
0,0
47.4341649,0
47.4341649,0
5.131670195,0
0,0
0,0
0,0
0,52.70462767
0,47.29537233
0,0
0,0
0,0
0,0
0,0
0,0
0,0
0,0
0,0
0,0
0,0
0,0
0,0
0,0
0,0
0,0
0,0
47.4341649,0
0,0
0,0
0,43.84289407
0,3.591270835
0,0
0,0
0,0
0,0
0,0
0,0
0,0
0,0
0,0
0,0
0,0
2.763601147,0
0,2.763601147
0,0
0,0
0,0
17.44459762,12.31292743
47.4341649,0
47.4341649,0
29.40322713,29.40322713
0,0
0,0
0,0
0,0
0,52.70462767
0,47.29537233
0,0
0,0
0,0
0,0
0,0
0,0
0,0
0,0
0,0
0,0
0,0
0,0
0,0
0,0
0,0
47.4341649,0
47.4341649,0
5.131670195,0
0,0
0,0
0,0
0,0
0,47.29537233
0,0
0,0
0,0
0,0
0,0
0,0
0,0
0,0
0,0
0,0
0,0
0,52.70462767
0,0
0,0
0,0
0,0
0,0
5.131670195,0
47.4341649,0
47.4341649,0
0,0
0,0
0,0
0,52.70462767
0,47.29537233
0,0
0,0
0,0
0,0
0,0
0,0
0,0
0,0
0,0
0,0
0,0
0,0
0,0
0,0
5.131670195,0
0,0
47.4341649,0
47.4341649,0
0,0
0,0
0,0
0,47.29537233
0,52.70462767
0,0
0,0
0,0
0,0
0,0
0,0
0,0
0,0
0,0
0,0
0,0
0,0
0,0
0,0
0,0
0,0
47.4341649,0
43.52000792,0
9.045827179,0
0,0
0,0
0,0
0,52.70462767
0,47.29537233
0,0
0,0
0,0
0,0
0,0
0,0
0,0
0,0
0,0
0,0
0,0
0,0
0,0
0,0
0,0
10.78796747,0
47.4341649,0
41.77786762,0
0,0
0,0
0,0
0,0
0,0
0,0
0,47.29537233
0,0
0,0
0,0
0,0
0,0
0,0
0,0
0,0
0,0
0,0
0,52.70462767
0,0
0,0
0,0
0,0
38.45527274,0
43.68078237,0
17.8639449,0
0,0
0,0
0,0
0,52.70462767
0,47.29537233
0,0
0,0
0,0
0,0
0,0
0,0
0,0
0,0
0,0
0.102528744,0
0,0.102528744
0,0
0,0
0,0
0,0
47.4341649,0
47.4341649,0
5.131670195,0
0,0
0,0
0,0
0,0
0,0
0,0
0,0
0,0
0,0
0,0
0,0
0,0
0,0
0,0
0,0
0,0
0,52.70462767
0,47.29537233
0,0
0,0
0,0
0,0
0,0
0,0
0,0
0,0
0,0
0,0
0,0
0,0
2.726417351,0
0,0
0,0
0,0
0,0
0,0
0,0
0,0
0,0
0.409303584,0
4.088100542,0
0,7.223821477
0,0
0,0
0,0
0,0
0,0
5.131670195,0
47.4341649,0
47.4341649,0
0,0
0,11.97767071
0,0
9.038746477,0
2.426488884,0
0,0
0,0
0,0
0,0
0,0
0,0
0,0
0,0
0.512435351,0
0,0
0,52.70462767
0,47.29537233
0,0
0,0
0,0
0,0
47.4341649,0
47.4341649,0
5.131670195,0
0,0
0,0
0,0
0,0
0,0
0,0
0,0
0,0
0,0
0,0
0,0
0,0
0,0
0,0
0,47.29537233
0,52.70462767
0,0
0,0
0,0
0,0
0,0
5.131670195,0
47.4341649,0
47.4341649,0
0,0
0,0
0,52.70462767
0,0
2.776593324,0
0,0
0,0
0,0
0,0
0,0
0,0
0,0
0,0
0.770851663,0
0,0
0,50.84281732
0,0
0,0
0,0
0,0
0,0
47.4341649,0
47.4341649,0
5.131670195,0
0,0
0,0
0,0
0,52.70462767
0,47.29537233
0,0
0,0
0,0
0,0
0,0
0,0
0,0
0,0
0,0
0,0
0,0
0,0
0,0
0,0
0,0
47.4341649,0
47.4341649,0
5.131670195,0
0,0
0,0
0,0
0,0
0,52.70462767
0,47.29537233
0,0
0,0
0,0
0,0
0,0
0,0
0,0
0,0
0,0
0,0
0,0
0,0
0,0
0,0
0,0
5.131670195,0
47.4341649,0
47.4341649,0
0,0
0,0
0,0
0,0
0,0
0,0
0,0
0,0
0,0
0,0
0,0
0,0
0,0
0,0
0,47.29537233
0,52.70462767
0,0
0,0
0,0
0,0
0,0
0,0
47.4341649,0
5.131670195,0
47.4341649,0
0,0
0,0
0,47.29537233
0,52.70462767
0,0
0,0
0,0
0,0
0,0
0,0
0,0
0,0
0,0
0,0
0,0
0,0
0,0
0,0
0,0
0,0
5.131670195,0
47.4341649,0
47.4341649,0
0,0
0,52.70462767
0,47.29537233
0,0
0,0
0,0
0,0
0,0
0,0
0,0
0,0
0,0
0,0
0,0
2.253551576,0
5.119914215,0
0,7.373465791
0,0
0,0
0,0
6.935539725,6.935539725
47.4341649,0
5.131670195,0
47.4341649,0
0,0
0,0
0,0
0,0
0,47.29537233
0,52.70462767
0,0
0,0
0,0
0,0
0,0
0,0
0,0
0,0
0,0
0,0
0,0
0,0
0,0
0,0
0,0
5.131670195,0
47.4341649,0
47.4341649,0
0,0
0,0
0,0
0,0
0,52.70462767
0,47.29537233
0,0
0,0
0,0
0,0
0,0
0,0
0,0
0,0
0,0
0,0
0,0
0,0
0,0
5.131670195,0
0,0
47.4341649,0
47.4341649,0
0,0
0,0
0,0
0,0
0,52.70462767
0,47.29537233
0,0
0,0
0,0
0,0
0,0
0,0
0,0
0,0
0,0
0,0
0,0
0,0
0,0
0,0
12.70769957,12.70769957
47.4341649,2.560684293
47.4341649,0
8.820941248,1.12858676
27.18670421,27.18670421
43.18679275,43.18679275
0,0
0,0
0,0
0,52.70462767
0,47.29537233
0,0
0,0
0,0
0,0
0,0
0,0
0,0
0,0
0,0
0,0
0,0
0,0
31.74940146,31.74940146
19.10144987,19.10144987
10.57283254,5.441162346
47.4341649,0
47.4341649,0
3.64493592,3.64493592
15.19109862,15.19109862
0,0
0,0
0,0
0,0
0,0
0,0
0,0
0,0
0,0
0,0
0,0
0,0
0,0
0,0
0,52.70462767
0,47.29537233
0,0
0,0
0,0
47.4341649,0
47.4341649,0
5.131670195,0
0,0
0,0
0,0
0,0
0,0
0,52.70462767
0,47.29537233
0,0
0,0
0,0
0,0
0,0
0,0
0,0
0,0
0,0
0,0
0,0
0,0
0,0
0,0
0,0
0,0
25.32194913,0
47.4341649,0
27.24388597,0
0,0
0,0
0,0
0,0
0,0
0,0
0,0
0,0
0,0
0,0
0,0
0,0
0,0
0,0
0,52.70462767
0,47.29537233
0,0
0,0
12.83665156,0
39.72918354,0
0,0
47.4341649,0
0,0
0,0
0,0
0,0
0,47.29537233
0,52.70462767
0,0
0,0
0,0
0,0
0,0
0,0
0,0
0,0
0,0
0,0
0,0
0,0
0,0
0,0
0,0
0,0
5.131670195,0
47.4341649,0
47.4341649,0
0,0
0,0
0,0
0,0
0,0
0,52.70462767
0,0
0,0
0,0
0,0
0,0
0,0
0,0
0,0
0,0
0,47.29537233
0,0
0,0
0,0
0,0
0,0
5.131670195,0
47.4341649,0
47.4341649,0
0,0
0,0
0,0
0,0
0,52.70462767
0,47.29537233
0,0
0,0
0,0
0,0
0,0
0,0
0,0
0,0
0,0
0,0
0,0
0,0
0,0
0,0
7.435926425,2.30425623
47.4341649,0
47.4341649,0
0,0
0,0
0,0
0,0
0,0
0,52.70462767
0,47.29537233
0,0
0,0
0,0
0,0
0,0
0,0
0,0
0,0
0,0
0,0
0,0
20.19595938,20.19595938
28.67145806,28.67145806
47.4341649,25.35048146
47.4341649,12.79655293
4.299145324,1.168132687
47.4341649,7.286472951
0,19.12070164
39.26768237,20.14698074
24.61193574,24.61193574
0,0
0,0
0,52.70462767
0,47.29537233
0,0
0,0
0,0
0,0
0,0
0,0
0,0
0,0
0,0
0,0
0,0
0,0
0,0
0,0
0,0
0,0
47.4341649,0
5.131670195,0
47.4341649,0
0,0
0,0
0,0
0,0
0,0
0,0
0,0
0,0
0,0
0,0
0,0
0,0
0,0
0,0
0,52.70462767
0,47.29537233
0,0
0,0
0,0
0,0
47.4341649,0
47.4341649,0
5.131670195,0
0,0
0,0
0,0
0,0
0,52.70462767
0,47.29537233
0,0
0,0
0,0
0,0
0,0
0,0
0,0
0,0
0,0
0,0
0,0
0,0
0,0
0,0
0,0
5.131670195,0
47.4341649,0
47.4341649,0
0,0
0,0
0,0
0,0
0,4.974782768
4.732192261,0
0.242590507,0
0,0
0,0
0,0
0,0
0,0
0,0
0,0
0,0
0,52.70462767
0,47.29537233
0,0
0,0
0,0
0,0
47.4341649,0
47.4341649,0
5.131670195,0
0,0
0,0
0,0
0,0
0,0.234722373
0,0
0.234722373,0
0,0
0,0
0,0
0,0
0,0
0,0
0,0
0,47.29537233
0,52.70462767
0,0
0,0
0,0
0,0
0,0
47.4341649,0
47.4341649,0
5.131670195,0
0,0
0,0
0,0
0,0
0,52.70462767
0,47.29537233
0,0
0,0
0,0
0,0
0,0
0,0
0,0
0,0
0,0
0,0
0,0
0,0
0,0
0,0
0,0
5.131670195,0
47.4341649,0
47.4341649,0
0,0
0,0
0,0
0,0
0,47.29537233
0,52.70462767
0,0
0,0
0,0
0,0
0,0
0,0
0,0
0,0
0,0
0,0
0,0
0,0
0,0
0,0
0,0
5.131670195,0
47.4341649,0
47.4341649,0
0,0
0,0
0,0
0,0
0,0
0,0
0,0
0,0
0,0
0,0
0,0
0,0
0,0
0,0
0,52.70462767
0,47.29537233
0,0
0,0
0,0
0,0
0,0
5.131670195,0
47.4341649,0
47.4341649,0
0,0
0,0
0,0
0,0
0,52.70462767
4.716211438,0
0.478637259,0
0,0
0,0
0,0
0,0
0,0
0,0
0,0
0,0
0,52.49022103
0,0
0,0
0,0
0,0
0,0
5.131670195,0
47.4341649,0
47.4341649,0
0,0
0,0
0,0
0,0
0,52.70462767
4.817446525,0
0.560383741,0
0,0
0,0
0,0
0,0
0,0
0,0
0,0
0.031425074,0
0,52.70462767
0,0
0,0
0,0
0,0
0,0
47.4341649,0
47.4341649,0
5.131670195,0
0,0
0,0
0,0
0,47.29537233
0,52.70462767
0,0
0,0
0,0
0,0
0,0
0,0
0,0
0,0
0,0
0,0
0,0
0,0
0,0
0,0
0,0
5.131670195,0
47.4341649,0
47.4341649,0
0,0
0,0
0,0
0,0
0,0
0,52.70462767
0,47.29537233
0,0
0,0
0,0
0,0
0,0
0,0
0,0
0,0
0,0
0,0
0,0
0,0
0,0
0,0
0,0
5.131670195,0
47.4341649,0
47.4341649,0
0,0
0,0
0,0
0,0
0,52.70462767
0,47.29537233
0,0
0,0
0,0
0,0
0,0
0,0
0,0
0,0
4.588906658,0
0,0
0,4.588906658
0,0
0,0
0,0
1.760357227,1.760357227
5.131670195,0
47.4341649,0
47.4341649,0
0,0
0,0
0,0
0,5.646760274
0,0
4.824813722,0
0.821946552,0
0,0
0,0
0,47.29537233
0,52.70462767
0,0
0,0
0,0
0,0
0,0
0,0
0,0
26.9503227,26.9503227
11.31162475,11.31162475
0.538643498,0.538643498
5.131670195,0
47.4341649,0
47.4341649,0
5.953715631,5.953715631
0,0
0,33.24988269
33.24988269,0
0,0
0,0
0,0
0,0
0,0
0,0
0,0
0,0
0,0
0,0
0,0
0,52.70462767
0,47.29537233
0,0
0,0
0,0
5.131670195,0
47.4341649,0
47.4341649,0
0,0
0,0
0,0
0,0
0,47.29537233
0,52.70462767
0,0
0.948816321,0
0,0
0,0
0,0
0,0
0,0
0,0
0,0
0,0
0,0
0,0.948816321
0,0
0,0
0,0
5.131670195,0
47.4341649,0
47.4341649,0
0,0
0,0
0,0
0,0
0,0
0,0.990521886
0,0
0.990521886,0
0,0
0,0
0,0
0,0
0,0
0,0
0,0
0,0
0,52.70462767
0,47.29537233
0,0
0,0
0,0
47.4341649,0
47.4341649,0
5.131670195,0
0,0
0,0
0,0
0,0
0,0
0,1.045540185
0,0
1.045540185,0
0,0
0,0
0,0
0,0
0,0
0,0
0,0
0,47.29537233
0,52.70462767
0,0
0,0
0,0
0,0
0,0
47.4341649,0
47.4341649,0
5.131670195,0
0,0
0,0
0,0
0,0
0,52.70462767
0,47.29537233
0,0
0,0
0,0
0,0
0,0
0,0
0,0
0,0
0,0
0,0
0,0
0,0
0,0
0,0
0,0
47.4341649,0
47.4341649,0
5.131670195,0
0,0
0,0
0,0
0,0
0,52.70462767
0,47.29537233
0,0
0,0
0,0
0,0
0,0
0,0
0,0
0,0
0,0
0,0
0,0
0,0
0,0
0,0
0,0
47.4341649,0
47.4341649,0
5.131670195,0
0,0
0,0
0,0
0,0
0,47.29537233
0,52.70462767
0,0
0,0
0,0
0,0
0,0
0,0
0,0
0,0
0,0
0,0
0,0
0,0
0,0
0,0
5.131670195,0
47.4341649,0
47.4341649,0
0,0
0,0
0,0
0,0
0,0
0,52.70462767
0,47.29537233
0,0
0,0
0,0
0,0
0,0
0,0
0,0
0,0
4.443448766,0
0,4.443448766
0,0
0,0
0,0
0,0
5.131670195,0
47.4341649,0
47.4341649,0
0,0
0,0
0,0
0,0
0,0
0,52.70462767
0,47.29537233
0,0
0,0
0,0
0,0
0,0
0,0
0,0
0,0
4.160325423,0
0,0
0,4.160325423
0,0
0,0
0,0
5.131670195,0
47.4341649,0
47.4341649,0
0,0
0,0
0,0
0,0
0,47.29537233
0,52.70462767
0,0
0,0
0,0
0,0
0,0
0,0
0,0
0,0
0,0
2.358070121,0
0,0
0,2.358070121
0,0
0,0
0,0
0,0
47.4341649,0
47.4341649,0
5.131670195,0
0,0
0,0
0,0
0,0
0,52.70462767
0,47.29537233
0,0
0,0
0,0
0,0
0,0
0,0
0,0
0,0
4.266758707,0
0,0
0,4.266758707
0,0
0,0
47.4341649,0
47.4341649,0
0,0
5.131670195,0
0,0
0,0
0,0
0,0
0,52.70462767
0,47.29537233
0,0
0,0
0,0
0,0
0,0
0,0
0,0
0,0
0,0
1.000568208,0
0,0
0,1.000568208
0,0
0,0
0,0
0,0
0,0
5.131670195,0
47.4341649,0
47.4341649,0
0,0
0,0
0,0
0,52.70462767
0,47.29537233
0,0
0,0
0,0
0,0
0,0
0,0
0,0
0,0
0,0
0,0
0,0
0,0
0,0
0,0
0,0
47.4341649,0
47.4341649,0
5.131670195,0
0,0
0,0
0,0
0,0
0,47.29537233
0,52.70462767
0,0
0,0
0,0
0,0
0,0
0,0
0,0
0,0
0,0
0,0
0,0
0,0
0,0
47.4341649,0
47.4341649,0
0,19.75823866
40.16080976,15.2709009
0,0
0,0
0,0
0,0
0,0
0,47.29537233
0,52.70462767
0,0
0,0
0,0
0,0
0,0
0,0
0,0
0,0
0,0
0,0
0,0
0,0
0,0
0,0
0,0
26.17698884,0
35.88381132,0
37.93919984,0
0,0
0,0
0,0
0,47.29537233
0,52.70462767
4.491646838,0
1.319916302,0
0,0
0,0
0,0
0,0
0,0
0,0
0,0
0,5.81156314
0,0
0,0
0,0
0,0
0,0
5.131670195,0
47.4341649,0
47.4341649,0
0,0
0,0
0,0
0,0
0,0
0,0
0,0
0,0
0,0
0,0
0,0
0,0
0,0
0,0
0,0
0,0
0,52.70462767
0,47.29537233
0,0
0,0
0,0
0,0
5.131670195,0
47.4341649,0
47.4341649,0
0,0
0,0
0,0
0,0
0,52.70462767
0,47.29537233
0,0
0,0
0,0
0,0
0,0
0,0
0,0
0,0
0,0
0,0
0,0
0,0
0,0
21.15293864,0
0,0
47.4341649,0
31.41289646,0
0,0
0,0
0,0
0,0
0,47.29537233
0,52.70462767
0,0
0,0
0,0
0,0
0,0
0,0
0,0
0,0
0,0
0,0
0,0
0,0
0,0
0,0
0,0
0,0
0,0
5.131670195,0
47.4341649,0
47.4341649,0
0,0
0,0
0,0
0,52.70462767
0,47.29537233
0,0
0,0
0,0
0,0
0,0
0,0
0,0
0,0
1.174038616,0
2.009319262,0
0,3.183357877
0,0
0,0
6.476201219,0
13.8966763,0
20.93724678,0
15.36926046,0
18.11046498,0
25.21015027,0
0,0
0,52.70462767
0,47.29537233
0,0
0,0
0,0
0,0
0,0
0,0
0,0
0,0
0,0
0,0
3.233923785,3.233923785
5.59613909,5.59613909
19.3478775,19.3478775
31.24280625,0
47.4341649,41.96160617
0,25.78939159
0,10.79593458
11.18107426,11.31111308
47.4341649,0
47.4341649,0
35.66182398,30.53015378
41.47246175,41.47246175
37.82170932,37.82170932
0,0
0,0.767472433
0,0
0.767472433,0
0,0
0,0
0,0
0,0
0,0
0,0
0,0
0,0
0,47.29537233
0,52.70462767
0,0
0,0
0,0
0,0
47.4341649,0
5.131670195,0
47.4341649,0
0,0
0,0
0,0
0,1.729464357
0,0
0,0
0.79425728,0
0,0
0,0
0,0
0,0
0,0
0,0
0,0
0.935207077,0
0,52.70462767
0,47.29537233
0,0
0,0
0,0
47.4341649,0
47.4341649,0
5.131670195,0
0,0
0,0
0,0
0,0
0,0
0,0
0,52.70462767
0,47.29537233
0,0
0,0
0,0
0,0
0,0
0,0
0,0
3.382034472,0
0,0
0,3.382034472
0,0
0,0
0,0
0,0
3.363350379,0
19.16042598,0
30.04205873,0
47.4341649,0
0,0
0,0
0,52.70462767
0,0
3.142280093,0
0.577993353,0
0,0
0,0
0,0
0,0
0,0
0,0
0,0
2.498549204,0
0,0
0,52.70462767
0,0.809567311
0,0
0,0
0,0
0,0
5.131670195,0
47.4341649,0
47.4341649,0
0,0
0,0
0,0
0,47.29537233
0,52.70462767
0,0
0,0
0,0
0,0
0,0
0,0
0,0
0,0
3.10701871,0
0,3.10701871
0,0
0,0
0,0
0,0
0,0
5.131670195,0
47.4341649,0
47.4341649,0
0,0
0,0
0,0
0,47.29537233
0,52.70462767
0,0
0,0
0,0
0,0
0,0
0,0
0,0
0,0
0,0
0,0
0,0
0,0
0,0
0,0
0,0
5.131670195,0
47.4341649,0
47.4341649,0
0,0
0,0
0,0
0,0
0,0
0,0
0,52.70462767
0,47.29537233
0,0
0,0
0,0
0,0
0,0
0,0
0,0
0,0
0,0
0,0
0,0
0,0
0,0
5.131670195,0
47.4341649,0
47.4341649,0
0,0
0,0
0,0
0,0
0,0
0,0
0,47.29537233
0,0
0,0
0,0
0,0
0,0
0,0
0,0
0,0
0,0
0,0
0,52.70462767
0,0
0,0
0,0
3.17411618,0
12.99148111,0
17.30926272,0
17.7872187,0
17.92984738,0
30.8080739,0
0,0
0,0
0,47.29537233
0,52.70462767
0,0
0,0
0,0
0,0
0,0
0,0
0,0
0,0
0,0
0,0
0,0
0,0
0,0
0,0
5.131670195,0
47.4341649,0
47.4341649,0
0,0
0,0
0,0
0,0
0,47.29537233
0,52.70462767
0,0
0.393153725,0
0,0
0,0
0,0
0,0
0,0
0,0
0,0
0.317037121,0
0,0
0,0.710190846
0,0
0,0
0,0
0,0
47.4341649,0
47.4341649,0
5.131670195,0
0,0
0,0
0,0
0,0
0,52.70462767
0,0
0,47.29537233
0,0
0,0
0,0
0,0
0,0
0,0
0,0
1.646776403,0
0,0
0,1.646776403
0,0
0,0
0,0
0,0
47.4341649,0
5.131670195,0
0,0
47.4341649,0
0,0
0,0
0,0
0,47.29537233
0,52.70462767
0,0
0,0
0,0
0,0
0,0
0,0
0,0
0,0
0,0
0,0
0,0
0,0
0,0
0,0
47.4341649,0
47.4341649,0
5.131670195,0
0,0
0,0
0,0
0,0
0,52.70462767
0,47.29537233
0,0
0,0
0,0
0,0
0,0
0,0
0,0
0,0
0,0
0.152649581,0
2.418173107,0
0,2.570822688
0,0
0,0
38.70818805,38.70818805
34.14644534,34.14644534
47.4341649,14.26433711
47.4341649,0
31.72979898,12.33379168
0,0
0,0
0,0
0,52.70462767
0,47.29537233
0,0
0,0
0,0
0,0
0,0
0,0
0,0
0,0
0,0
0.674803315,0
3.626742397,4.301545712
15.56138918,15.56138918
37.50705095,37.50705095
42.32252579,42.32252579
28.32710141,28.32710141
18.86414289,18.86414289
47.4341649,13.37193287
47.4341649,0
44.35613429,25.85253122
25.56503157,25.56503157
37.14784959,37.14784959
0,0
0,0
0,52.70462767
0,47.29537233
0,0
0,0
0,0
0,0
0,0
0,0
0,0
0,0
0,0
4.479166301,0
0,4.479166301
0,0
0,0
0,0
34.44430092,34.44430092
27.73489321,22.60322302
47.4341649,0
47.4341649,0
27.43806402,27.43806402
0,0
0,0
0,0
0,0
0,1.238254556
0.071151088,0
0,0
0,0
0,0
0,0
0,0
0,0
0,0
1.167103468,0
0,52.70462767
0,47.29537233
36.63770355,0
13.89353037,0
0,23.7757077
0,17.07605664
0,9.679469586
6.436631876,0
47.4341649,0
46.12920322,0
0,0
0,0
0,47.29537233
0,52.70462767
0,0
0,0
0,0
0,0
0,0
0,0
0,0
0,0
0,0
0,0
0,0
0,0
0,0
0,0
0,0
0,0
9.559406341,0
47.4341649,0
43.00642876,0
0,0
0,0
0,0
0,0
0,52.70462767
0,47.29537233
0,0
0,0
0,0
0,0
0,0
0,0
0,0
0,0
0.748712609,0
0,0.748712609
0,0
0,0
0,0
0,0
0,0
0,0
47.4341649,0
5.131670195,0
47.4341649,0
0,0
0,0
0,0
0,0
0,52.70462767
0,47.29537233
0,0
0,0
0,0
0,0
0,0
0,0
0,0
0.788399568,0
3.753497683,0
0,4.541897251
0,0
0,0
0,0
0,0
0,0
5.131670195,0
47.4341649,0
47.4341649,0
0,0
0,0
0,0
0,52.70462767
0,47.29537233
0,0
0,0
0,0
0,0
0,0
0,0
0,0
0,0
0,0
0,0
0,0
0,0
0,0
0,0
5.131670195,0
47.4341649,0
47.4341649,0
0,0
0,0
0,0
0,0
0,0
0,0
0,52.70462767
0,47.29537233
0,0
0,0
0,0
0,0
0,0
0,0
0,0
0,0
0.548223588,0
2.353912108,0
5.414999118,0
4.199549715,0
5.349695776,0
8.297298317,0
10.14519964,0
7.303983937,0
6.502881678,0
7.665489427,0
4.6976826,0
5.977251316,0
7.819529678,0
0,52.70462767
0,23.57106922
0,0
0,0
0,0
0,0
0,0
0,0
0,0
0,0
0.317261044,0
0,0
0,0
12.68272767,0
0,12.99998871
0,0
0,0
5.131670195,0
47.4341649,0
47.4341649,0
0,0
0,0
0,0
0,0
0,52.70462767
0,47.29537233
0,0
0,0
0,0
0,0
0,0
0,0
0,0
0,0
0.426671084,0
0,0
0,0.426671084
0,0
0,0
0,0
0,0
0,0
47.4341649,0
47.4341649,0
5.131670195,0
0,0
0,0
0,0
0,47.61775603
0,0
0,0
0,0
0,0
0,0
0,0
0,0
0,0
0,0
0.322383699,0
0,0
0,52.70462767
0,0
0,0
0,0
47.4341649,0
47.4341649,0
0,9.045292309
14.1769625,0
0,0
0,20.28365734
0,0
20.28365734,0
0,0
0,0
0,0
0,0
0,0
0,0
0,0
0,0
0,0
0,0
0,0
0,0
0,52.70462767
0,47.29537233
0,0
0,0
0,0
47.4341649,0
47.4341649,0
5.131670195,0
0,0
0,0
0,47.29537233
0,52.70462767
0,0
0,0
0,0
0,0
0,0
0,0
0,0
0,0
0,0
0,0
0.249931657,0
0,0
0,0.249931657
0,0
0,0
0,0
0,0
5.131670195,0
47.4341649,0
47.4341649,0
0,0
0,0
0,0
0,47.29537233
0,52.70462767
0,0
0,0
0,0
0,0
0,0
0,0
0,0
0,0
0,0
0,0
0,0
0,0
0,0
0,0
0,0
0,0
35.62059728,0
27.59292524,0
34.10329854,0
2.683178939,0
0,0
0,0
0,0
0,47.29537233
0,52.70462767
0,0
0,0
0,0
0,0
0,0
0,0
0,0
0,0
0,0
0,0
0,0
0,0
41.58922551,41.58922551
47.4341649,22.11354796
47.4341649,0
32.4693866,5.224168445
8.386623446,8.386623446
23.77669577,23.77669577
0,0
0,0
0,0
0,0
0,52.70462767
0,0
0,0
0,0
0,0
0,0
0,0
0,0
0,0
0,0
0,47.29537233
0,0
0,0
0,0
0,0
0,0
0,0
47.4341649,0
47.4341649,0
5.131670195,0
0,0
0,0
0,0
0,0
0,52.70462767
0,47.29537233
0,0
0,0
0,0
0,0
0,0
0,0
0,0
0,0
0,0
0,0
0,0
0,0
0,0
0,0
0,0
0,0
5.131670195,0
47.4341649,0
47.4341649,0
0,0
0,0
0,0
0,0
0,47.29537233
0,0
0,0
0,0
0,0
0,0
0,0
0,0
0,0
0,0
0,52.70462767
0,0
0,0
0,0
0,0
0,0
0,0
47.4341649,0
47.4341649,0
5.131670195,0
0,0
0,0
0,52.70462767
0,47.29537233
0,0
0,0
0,0
0,0
0,0
0,0
0,0
0,0
0,0
0,0
0.97821754,0
0,0.97821754
0,0
0,0
0,0
0,0
5.131670195,0
47.4341649,0
47.4341649,0
0,0
0,0
0,0
0,0
0,47.29537233
0,52.70462767
0,0
0,0
0,0
0,0
0,0
0,0
0,0
0,0
0,0
3.05749136,0
0,3.05749136
0,0
0,0
0,0
0,0
0,0
5.131670195,0
47.4341649,0
47.4341649,0
0,0
0,0
0,0
0,52.70462767
0,47.29537233
0,0
0,0
0,0
0,0
0,0
0,0
0,0
0,0
0,0
0,0
0,0
0,0
0,0
0,0
5.131670195,0
47.4341649,0
47.4341649,0
0,0
0,0
0,0
0,0
0,47.29537233
0,52.70462767
0,0
0,0
0,0
0,0
0,0
0,0
0,0
0,0
0,0
0,0
0,0
0,0
0,0
0,0
0,0
0,0
27.04540996,0
33.00733263,0
24.45782537,0
15.48943205,0
0,0
0,0
0,0
0,47.29537233
0,52.70462767
0,0
0,0
0,0
0,0
0,0
0,0
0,0
0,0
0,0
0.061300042,0
0,0
0,0.061300042
0,0
6.055290092,0
7.530918092,0
10.46476878,0
15.24458741,0
10.60787138,0
8.212506613,0
5.776180915,0
5.476626278,0
0,52.70462767
0,16.66412189
0.056287464,0.056287464
0,0
0,0
0,0
0,0
0,0
0,0
0,0
0,0
0,0
2.28830049,2.28830049
9.911439538,9.911439538
27.67408022,27.67408022
43.27881082,43.27881082
46.18132669,43.55574459
25.33803519,27.96361728
34.74098935,29.60931916
47.4341649,0
47.4341649,0
23.97303405,23.97303405
35.6114176,35.6114176
35.52947303,52.70462767
22.91897236,13.74954643
6.868860479,0
1.136868229,0
0,0
0,0
0,0
0,0
0,0
0,0
0,0
0,0
0,0
0.786899965,0.786899965
0,6.744280147
0,52.70462767
9.458308101,0
11.55805862,0
17.00518096,0
21.42736014,0
0,28.94274677
28.94274677,0
0,0
0,0
0,0
0,0
0,0
0,0
0,0
0,0
0,0
0,0
0,0
0,0
0,0
0,0
0,0
0,47.29537233
0,52.70462767
25.71505588,0
0,25.71505588
0,0
0,0
0,0
47.4341649,0
47.4341649,0
5.131670195,0
0,0
0,0
0,0
0,52.70462767
0,47.29537233
0,0
0,0
0,0
0,0
0,0
0,0
0,0
0,0
0,0
0,0
0,0
0,0
0,0
0,0
5.131670195,0
47.4341649,0
47.4341649,0
0,0
0,0
0,0
0,0
0,47.29537233
0,52.70462767
0,0
0,0
0,0
0,0
0,0
0,0
0,0
0,0
0,0
0,0
0,0
0,0
0,0
0,0
0,0
0,0
12.34501558,0
33.56646365,0
28.11308502,0
25.97543575,0
0,0
0,0
0,0
0,47.29537233
0,52.70462767
0,0
0,0
0,0
0,0
0,0
0,0
0,0
0,0
0,0
0,0
0,0
0,0
0,0
0,0
5.131670195,0
47.4341649,0
47.4341649,0
0,0
0,0
0,0
0,0
0,0
0,0
0,0
0,0
0,0
0,0
0,0
0,0
0,0
0,0
0,0
0,47.29537233
0,52.70462767
0,0
0,0
0,0
0,0
5.131670195,0
47.4341649,0
47.4341649,0
0,0
0,0
0,0
0,0
0,52.70462767
0,47.29537233
0,0
0,0
0,0
0,0
0,0
0,0
0,0
0,0
0,0
0,0
0,0
0,0
0,0
0,0
0,0
5.424903725,0
36.58375704,0
24.79227182,0
33.19906741,0
0,0
0,0
0,0
0,0
0,47.29537233
0,0
0,0
0,0
0,0
0,0
0,0
0,0
0,0
0,0
0,0
0,52.70462767
0,0
0,0
0,0
0,0
6.164098113,0
46.40173698,0
47.4341649,0
0,0
0,0
0,0
0,0
0,47.29537233
0,52.70462767
0,0
0,0
0,0
0,0
0,0
0,0
0,0
0,0
0,0
0,0
0,0
0,0
0,0
0,0
0,0
15.44965699,0
46.73874758,0
37.81159543,0
0,0
0,0
0,0
0,0
0,52.70462767
0,47.29537233
0,0
0,0
0,0
0,0
0,0
0,0
0,0
0,0
0,0
0,0
0,0
0,0
0,0
0,0
4.280481201,0
23.55145373,0
19.14290157,0
25.92240413,0
27.10275937,0
0,0
0,0
0,47.29537233
0,52.70462767
0,0
0,0
0,0
0,0
0,0
0,0
0,0
0,0
0,0
0,0
0,0
0.874840606,0
0,0
0,0.874840606
0,0
0,0
5.131670195,0
47.4341649,0
47.4341649,0
0,0
0,0
0,0
0,0
0,0
0,47.29537233
0,52.70462767
0,0
0,0
0,0
0,0
0,0
0,0
0,0
0,0
0,0
0,0
0,0
0,0
0,0
0,0
5.131670195,0
47.4341649,0
47.4341649,0
0,0
0,0
0,0
0,0
0,0
0,47.29537233
0,0
0,0
0,0
0,0
0,0
0,0
0,0
0,0
0,0
0,0
0,52.70462767
0,0
0,0
0,0
0,0
5.131670195,0
47.4341649,0
47.4341649,0
0,0
0,0
0,0
0,0
0,47.29537233
0,52.70462767
0,0
0,0
0,0
0,0
0,0
0,0
0,0
0,0
0,0
0,0
0,0
0,0
0,0
0,0
0,0
0,0
5.131670195,0
47.4341649,0
47.4341649,0
0,0
0,0
0,0
0,47.29537233
0,52.70462767
0,0
0,0
0,0
0,0
0,0
0,0
0,0
0,0
0,0
0,0
0,0
0,0
0,0
0,0
0,0
5.131670195,0
47.4341649,0
47.4341649,0
0,0
0,0
0,0
0,0
0,47.29537233
0,52.70462767
0,0
0,0
0,0
0,0
0,0
0,0
0,0
0,0
0,0
0,0
0,0
0,0
0,0
0,0
47.4341649,0
5.131670195,0
47.4341649,0
0,0
0,0
0,0
0,0
0,0
0,52.70462767
0,47.29537233
0,0
0,0
0,0
0,0
0,0
0,0
0,0
0,0
0,0
0,0
0,0
0,0
0,0
0,0
0,0
0,0
5.131670195,0
47.4341649,0
47.4341649,0
0,0
0,0
0,0
0,52.70462767
0,47.29537233
0,0
0,0
0,0
0,0
0,0
0,0
0,0
0,0
0,0
0,0
0,0
0,0
0,0
0,0
0,0
18.69319314,0
33.87264196,0
47.4341649,0
0,0
0,0
0,0
0,0
0,0
0,47.29537233
0,52.70462767
0,0
0,0
0,0
0,0
0,0
0,0
0,0
0,0
0,0
0,0
0,0
0,0
0,0
0,0
0,0
47.4341649,0
47.4341649,0
5.131670195,0
0,0
0,0
0,0
0,0
0,0
0,0
0,0
0,0
0,0
0,0
0,0
0,0
0,0
0,0
0,0
0,47.29537233
0,52.70462767
0,0
0,0
0,0
5.131670195,0
47.4341649,0
47.4341649,0
0,0
0,0
0,0
0,0
0,52.70462767
0,0
0,0
0,0
0,0
0,0
0,0
0,0
0,0
0,0
0,0
0,0
0.467277415,0
0,47.76264975
0,0
0,0
0,0
0,0
41.98073298,0
47.25123653,0
10.76803049,0
0,0
0,0
0,0
0,52.70462767
0,47.29537233
0,0
0,0
0,0
0,0
0,0
0,0
0,0
0,0
0,0
0,0
0,0
0,0
0,0
0,0
0,0
0,0
47.4341649,0
47.4341649,0
0,0
5.131670195,0
0,0
0,0
0,52.70462767
0,47.29537233
0,0
0,0
0,0
0,0
0,0
0,0
0,0
0,0
0,0
0,0
0,0
0,0
0,0
0,0
0,0
0,0
20.55884507,0
32.93883371,0
46.50232122,0
0,0
0,0
0,0
0,52.70462767
0,47.29537233
0,0
0,0
0,0
0,0
0,0
0,0
0,0
0,0
0,0
0,0
0,0
0,0
0,0
0,0
0,0
5.131670195,0
47.4341649,0
47.4341649,0
0,0
0,0
0,0
0,0
0,52.70462767
0,47.29537233
0,0
0,0
0,0
0,0
0,0
0,0
0,0
0,0
0,0
0,0
0,0
0,0
0,0
0,0
0,0
0,0
5.131670195,0
47.4341649,0
47.4341649,0
0,0
0,0
0,0
0,47.29537233
0,52.70462767
0,0
0,0
0,0
0,0
0,0
0,0
0,0
0,0
0,0
0,0
0.035326231,0
0,0.035326231
0,0
0,0
0,0
0,0
45.92364807,0
35.97944971,0
18.09690223,0
0,0
0,0
0,0
0,0
0,47.29537233
0,0
0,0
0,0
0,0
0,0
0,0
0,0
0,0
0,0
0,0
0,52.70462767
0,0
0,0
0,0
0,0
5.131670195,0
47.4341649,0
47.4341649,0
0,0
0,0
0,0
0,0
0,52.70462767
0,47.29537233
0,0
0,0
0,0
0,0
0,0
0,0
0,0
0,0
0,0
0,0
0,0
0,0
0,0
0,0
0,0
47.4341649,0
5.131670195,0
47.4341649,0
0,0
0,0
0,0
0,0
0,52.70462767
0,47.29537233
0,0
0,0
0,0
0,0
0,0
0,0
0,0
0,0
0,0
0,0
0,0
0,0
0,0
0,0
0,0
47.4341649,0
47.4341649,0
5.131670195,0
0,0
0,0
0,0
0,0
0,52.70462767
0,47.29537233
0,0
0,0
0,0
0,0
0,0
0,0
0,0
0,0
0,0
0,0
0,0
0,0
0,0
0,0
0,0
5.131670195,0
47.4341649,0
47.4341649,0
0,0
0,0
0,0
0,0
0,52.70462767
0,47.29537233
0,0
0,0
0,0
0,0
0,0
0,0
0,0
0,0
0,0
0,0
0,0
0,0
0,0
0,0
0,0
5.131670195,0
47.4341649,0
47.4341649,0
0,0
0,0
0,0
0,0
0,52.70462767
0,47.29537233
0,0
0,0
0,0
0,0
0,0
0,0
0,0
0,0
0,0
0,0
0,0
0,0
0,0
0,0
0,0
5.131670195,0
47.4341649,0
47.4341649,0
0,0
0,0
0,0
0,0
0,47.29537233
0,52.70462767
0,0
0,0
0,0
0,0
0,0
0,0
0,0
0,0
0,0
0,0
0,0
0,0
0,0
0,0
0,0
5.131670195,0
47.4341649,0
47.4341649,0
0,0
0,0
0,0
0,0
0,0
0,47.29537233
0,0
0,0
0,0
0,0
0,0
0,0
0,0
0,0
0,0
0,0
0,52.70462767
0,0
0,0
0,0
0,0
47.4341649,0
47.4341649,0
5.131670195,0
0,0
0,0
0,0
0,0
0,52.70462767
0,47.29537233
0,0
0,0
0,0
0,0
0,0
0,0
0,0
0,0
0,0
0,0
0,0
0,0
0,0
0,0
0,0
34.22538705,0
40.01234607,0
25.76226687,0
0,0
0,0
0,0
0,47.29537233
0,52.70462767
0,0
0,0
0,0
0,0
0,0
0,0
0,0
0,0
0,0
0,0
0,0
0,0
0,0
0,0
0,0
0,0
5.131670195,0
47.4341649,0
47.4341649,0
0,0
0,0
0,0
0,0
0,0
0,0
0,0
0,0
0,0
0,0
0,0
0,0
0,0
0,0
0,0
0,0
0,52.70462767
0,47.29537233
0,0
0,0
0,0
0,0
47.4341649,0
47.4341649,0
5.131670195,0
0,0
0,0
0,0
0,52.70462767
0,47.29537233
0,0
0,0
0,0
0,0
0,0
0,0
0,0
0,0
0,0
0,0
0,0
0,0
0,0
0,0
0,0
5.131670195,0
47.4341649,0
47.4341649,0
0,0
0,0
0,0
0,47.29537233
0,52.70462767
0,0
0,0
0,0
0,0
0,0
0,0
0,0
0,0
0,0
0,0
0,0
0,0
0,0
0,0
0,0
0,0
5.131670195,0
47.4341649,0
47.4341649,0
0,0
0,0
0,0
0,0
0,52.70462767
0,47.29537233
0,0
0,0
0,0
0,0
0,0
0,0
0,0
0,0
0,0
0,0
0,0
0,0
0,0
0,0
0,0
10.13491565,0
47.4341649,0
42.43091944,0
0,0
0,0
0,0
0,47.29537233
0,52.70462767
0,0
0,0
0,0
0,0
0,0
0,0
0,0
0,0
0,0
0,0
0,0
0,0
0,0
0,0
0,0
0,0
0,0
38.22690499,0
32.80549217,0
28.96760284,0
0,0
0,48.759819
0,0
1.464446668,0
0,52.70462767
0,0
0,0
0,0
0,0
0,0
0,0
0,0
0,0
0,0
0,0
0,0
0,0
0,0
0,0
0,0
37.06624759,37.06624759
38.27630956,31.39130188
47.4341649,0
45.68082742,0
22.8261538,22.8261538
12.20103846,15.02447043
2.559342108,0
0.264089861,0
0,0
0,0
0,0
0,0
0,0
0,0
0,0
0,0
0,0
0,0
0,0
0,0
0,47.29537233
0,52.70462767
0,0
36.25840172,36.25840172
28.10281188,0
21.43680734,0
37.00305959,0
21.51503129,8.057710107
0,0
0,0
0,52.70462767
0,47.29537233
0,0
0,0
0,0
0,0
0,0
0,0
0,0
0,0
0,0
0,0
0,0
0,0
0,0
0,0
0,0
0,0
0,0
47.4341649,0
47.4341649,0
5.131670195,0
0,0
0,0
0,47.29537233
0,52.70462767
0,0
0,0
0,0
0,0
0,0
0,0
0,0
0,0
0,0
0,0
0,0
0,0
0,0
0,0
0,0
0,0
0,0
37.10391306,0
30.33184416,0
32.56424278,0
0,0
0,0
0,47.29537233
0,52.70462767
0,0
0,0
0,0
0,0
0,0
0,0
0,0
0,0
0,0
0,0
0,0
0,0
0,0
0,0
0,0
0,0
0,0
19.26293796,0
35.60337116,0
45.13369088,0
0,0
0,0
0,0
0,52.70462767
0,47.29537233
0,0
0,0
0,0
0,0
0,0
0,0
0,0
0,0
0,0
0,0
0,0
0,0
0,0
34.21835236,34.21835236
35.38590784,35.38590784
25.47826272,22.41862702
47.4341649,0
47.4341649,0
45.91911993,43.84708543
0,0
0,0
0,0
0,52.70462767
0,47.29537233
0,0
0,0
0,0
0,0
0,0
0,0
0,0
0,0
0,0
0,0
0,0
1.2870431,0
0,1.2870431
0,0
44.44834054,44.44834054
47.4341649,29.11468081
47.4341649,22.43580346
47.4341649,3.680443286
47.4341649,34.50573206
0,0
0,0
0,0
0,52.70462767
0,0
0,0
0,0
0,0
0,0
0,0
0,0
0,0
0,0
0,0
0,0
0,47.29537233
0,0
0,0
0,0
0,0
6.776558203,0
45.78927689,0
47.4341649,0
0,0
0,0
0,0
0,0
0,47.29537233
0,0
0,0
0,0
0,0
0,0
0,0
0,0
0,0
0,0
0,0
0,0
0,52.70462767
0,0
0,0
0,0
0,0
8.398055864,0
46.52952302,0
45.07242111,0
0,0
0,0
0,0
0,47.29537233
0,52.70462767
0,0
0,0
0,0
0,0
0,0
0,0
0,0
0,0
0,0
0,0
0,0
0,0
0,0
0,0
0,0
31.3212499,0
0,31.3212499
6.151053499,0
47.4341649,0
46.4147816,0
0,0
0,0
0,47.29537233
0,52.70462767
0,0
0,0
0,0
0,0
0,0
0,0
0,0
0,0
0,0
0,0
0,0
0,0
0,0
0,0
0,0
0,0
0,0
18.03966565,0
47.4341649,0
34.52616945,0
0,0
0,47.29537233
0,52.70462767
0.011554462,0
0,0.011554462
0,0
0,0
0,0
0,0
0,0
0,0
0,0
0,0
0,0
0,0
0,0
0.320320597,0
0,0.320320597
0,0
38.57712117,38.57712117
39.99403401,39.99403401
29.57144948,24.43977929
47.4341649,0
47.4341649,0
38.34252377,38.34252377
28.5414792,28.5414792
0,0
0,52.70462767
0,47.29537233
0,0
0,0
0,0
0,0
0,0
0,0
0,0
0,0
0,0
0,0
0,0
0,0
0,0
0,0
0,0
13.45438954,0
17.16328355,0
33.66785589,0
35.71447103,0
0,0
0,0
0,0
0,0
0,0
0,0
0,0
0,0
0,0
0,0
0,0
0,0
0,0
0,0
0,0
0,0
0,52.27699703
1.357749516,0
2.184321663,0
4.812393117,0
4.552395669,0
5.040563077,0
14.88456957,0
13.31649257,0
6.128511851,0
0,0
0,47.29537233
0,52.70462767
0,0
0,0
0,0
0,0
0,0
0,0
0,0
0,0
0,0
0,0
0,0
0,0
0,0
1.544068938,0
5.394317555,0
10.64029166,0
14.64301236,0
7.901753471,0
8.411280165,0
11.00426414,0
12.05585121,0
8.442045158,0
0,52.70462767
0,27.33225698
0,0
0,0
0,0
0,0
0,0
0,0
0,0
0,0
0,0
0,0
0,0
0,0
0,0
0,0
0,0
0,0
10.83785435,0
34.95584807,0
30.72890023,0
23.47739734,0
0,0
0,0
0,0
0,0
0,0
0,0
0,0
0,0
0,0
0,0
0,0
0,0
0,0
0,0
0,0
0,0
0,52.70462767
0,47.29537233
0,0
0,0
0,0
43.60884777,0
41.31928969,0
15.07186254,0
0,0
0,0
0,47.29537233
0,52.70462767
0,0
0,0
0,0
0,0
0,0
0,0
0,0
0,0
0,0
0,0
0,0
0,0
0,0
0,0
0,0
0,0
0,0
0,0
22.43965073,0
0,0
24.51695247,0
2.581882283,0
4.617314327,0
0.021963062,0
0,0
0,0
0,0
0,0
0,0
0,0
0,0
0,0
0,0
0,0
0,0
0,0
0,0
5.182907217,0
16.39831412,0
24.2410158,0
0,19.59440946
11.39731247,0
8.197096989,0
0,0
0,0
0,0
0,47.29537233
0,52.70462767
0,0
0,0
0,0
0,0
0,0
0,0
0,0
0,0
0,0
0,0
0,0
0,0
0,0
0,0
0,0
0,0
17.43345574,0
42.38510117,0
40.18144308,0
0,0
0,0
0,0
0,44.1634902
0,52.70462767
0,0
0,0
0,0
0,0
0,0
0,0
0,0
0,0
0,0
0,0
0,0
0,0
0,0
0.677500599,0
4.465919251,0
7.71849194,0
12.80413882,0
30.88449402,0
24.3118615,0
9.913897472,0
6.091814273,0
0,0
0,0
0,52.70462767
0,0
0,0
0,0
0,0
0,0
0,0
0,0
0,0
0,0
0,0
0,0
0,47.29537233
0,0
0,0
0,0
0,0
0,0
0,0
28.90051716,0
15.16550376,0
0,44.06602092
0,0
0,0
0,0
0,0
0,0
0,0
0,0
0,0
0,0
0,0
0,0
0,0
0,0
0,0
0,0
0,0
1.715701616,0
5.179862102,0
7.108585584,0
10.08980108,0
5.302624847,0
5.433264992,0
3.020430127,0
2.196472408,0
2.082968443,0
3.724966371,0
0,0
0,0
0,0
0,0
0,0
0,0
0,0
0,0
0,0
0,0
0,0
0,0
0,0
0,45.85467757
0,0
0,0
14.71133407,0
0,0
41.90227002,0
43.38639591,0
0,0
0,0
0,0
0,47.29537233
0,52.70462767
0,0
0,0
0,0
0,0
0,0
0,0
0,0
0,0
0,0
0,0
0,0
0,0
0,0
0,0
0,0
0,0
2.968773081,0
3.237046937,0
2.066067763,0
1.206016168,0
1.290694892,0
0.99421627,0
0,11.76281511
0,0
0,0
0,0
0,0
0,0
0,0
0,0
0,0
0,0
0,0
0,0
0,0
0,0
0,0
5.649249233,5.649249233
19.64565266,19.64565266
32.00575537,32.00575537
31.7792816,0
38.7403152,0
39.33008986,9.849686669
35.52608372,35.52608372
28.35565535,28.35565535
20.3260345,52.70462767
5.924095031,52.70462767
0,20.8408742
0,0
0,0
0,0
0,0
0,0
0,0
0,0
0,0
0,0
0,0
0,0
0,0
0,0
5.315703818,5.315703818
17.3652398,17.3652398
24.92115869,24.92115869
34.62059962,0
35.39849095,32.88437248
30.95198071,0
31.9133012,0
22.41406541,22.41406541
14.4810502,14.4810502
4.384778399,4.384778399
0,0
0,0
0,0
0,0
0,0
0,0
0,0
0,0
0,0
0,0
0,0
0,0
0,0
0,52.70462767
0,0
0,0
32.95405241,0
19.75057526,0
0,0
0,0
0,0
0,0
0,0
0,47.29537233
0,52.70462767
0,0
0,0
0,0
0,0
0,0
0,0
0,0
0,0
0,0
0,0
0,0
0,0
0,0
0,0
0,0
0,0
0,0
37.61004193,0
40.64019637,0
21.7497617,0
0,0
0,0
0,0
0,47.29537233
0,0
0,0
0,0
0,0
0,0
0,0
0,0
0,0
0,0
0,0
0,0
0,52.70462767
0,0
0,0
0,0
0,0
10.44409433,0
30.95269377,0
28.60853267,0
29.99467923,0
0,0
0,52.70462767
0,47.29537233
0,0
0,0
0,0
0,0
0,0
0,0
0,0
0,0
0,0
0,0
0,0
0,0
0,0
0,0
0.251774148,0
2.195726937,0
3.901926174,0
6.5507664,0
7.671168532,0
8.760511377,0
6.86561822,0
7.116323168,0
3.807346121,0
0.503033508,0
0,0
0,0
0,0
0,0
0,0
0,0
0,0
0,0
0,0
0,0
0,0
0,0
0,0
0,0
0.145166527,0
2.491430148,0
3.660303519,0
3.72657327,0
3.771130691,0
5.085529584,0
3.388821469,0
7.166396063,0
2.073443914,0
0.131453975,0
0,0
0,0
0,0
0,0
0,0
0,0
0,0
0,0
0,0
0,0
0,0
0,0
0,0
0,0
0.049256718,0
0,6.123899759
3.560017092,0
6.757019731,0
4.020911888,0
6.54739856,0
5.924852025,0
0,0
0,52.70462767
0,47.29537233
0,0
0,0
0,0
0,0
0,0
0,0
0,0
0,0
0,0
0,0
0,0
0,0
0,0
0,0
0,0
0,0
0,0
27.01987397,0
38.81184449,0
34.16828154,0
0,0
0,0
0,0
0,0
0,0
0,0
0,0
0,0
0,0
0,0
0,0
0,0
0,0
0,0
0,0
0,0
0,47.29537233
0,52.70462767
0,0
0,0
0,0
32.60083729,0
38.57418403,0
28.82497868,0
0,0
0,0
0,0
0,52.70462767
0,47.29537233
0,0
0,0
0,0
0,0
0,0
0,0
0,0
0,0
0,0
0,0
0,0
0,0
0,0
0.582501902,0
3.552079553,0
11.98982253,0
15.61990314,0
19.16844721,0
23.27688108,0
8.718255358,0
0.763537154,0
0.284457332,0
0,0
0,0
0,0
0,0
0,0
0,0
0,0
0,0
0,0
0,0
0,0
0,0
0,0
0,0
0,0
0,0
0,0
0,4.647296414
0,0
0,0
0,0
0,52.70462767
11.55362873,0
4.52103628,0
0.241025627,0
0,0
0,0
0,0
0,0
0,0
0,0
0,0
0,0
0,0
0,0
0,0
0,0
0,0
0,0
0.015682566,0
1.186881948,0
7.205293812,0
15.33445011,0
11.37844723,0
8.510853297,0
6.55719469,0
6.891544547,0
0,0
0,0
0,0
0,0
0,0
0,0
0,0
0,0
0,0
0,0
0,0
0,0
0,0
0,0
0,0
0,52.70462767
0,47.29537233
1.008621163,0
3.014813714,0
4.337019986,0
7.308679595,0
6.286385153,0
6.810472541,0
5.463462839,0
1.590503012,0
0,0
0,35.819958
0,0
0,0
0,0
0,0
0,0
0,0
0,0
0,0
0,0
0,0
0,0
0,0
0,0
0.56099373,0
2.470273317,0
6.806969685,0
15.21515019,0
12.44063476,0
19.76760024,0
10.67600291,0
3.865633565,0
0,19.09863072
0,52.70462767
0,0
0,0
0,0
0,0
0,0
0,0
0,0
0,0
0,0
0,0
0,0
0,0
0,0
0,0
0,0
0.431465784,0
1.100989384,0
0.708547561,0
2.759939377,0
6.087898776,0
12.1286694,0
7.367728116,0
0,0
0,30.5852384
0,0
0,0
0,0
0,0
0,0
0,0
0,0
0,0
0,0
0,0
0,0
0,0
0,0
0,0
0,0
0,0
6.293951027,0
26.54784896,0
34.72672397,0
32.43147604,0
0,0
0,0
0,0
0,8.68556498
0,0
0,0
0,0
0,0
0,0
0,0
0,0
0,0
0,0
0,0
0,0
0,0
0,0
0,0
0,0
0.20288056,0
0.581074076,0
1.369559466,0
1.281293028,0
2.233656564,0
1.278755003,0
0.956437669,0
0.781908613,0
0,47.29537233
0,52.70462767
0,0
0,0
0,0
0,0
0,0
0,0
0,0
0,0
0,0
0,0
0,0
0,0
0,0
0,0
0,0
22.00448213,0
22.34694503,0
27.80335048,0
23.1536972,0
4.691525164,0
0,0
0,0
0,0
0,0
0,0
0,0
0,0
0,0
0,0
0,0
0,0
0,0
0,0
0,0
0,0
0,0
0,47.29537233
0,52.70462767
0,0
0,0
0,0
0,0
0,0
0,0
0,0
0,0
0,0
0,0
0,0
0,0
0,0
0,0
0,0
0,0
0,0
0,0
0,0
0,0
0,0
0,0
0,0
0,0
0,0
0,0
0,0
0,0
0,0
0,0
3.965305626,0
0.419635409,0
0,0
0,0
0,0
0,0
0,0
0,0
0,0
0,4.384941035
0,0
0,0
0,0
0,0
0,0
0,0
0,0
0,0
6.335170501,0
20.4151696,0
27.17549313,0
28.33633262,0
12.91744445,0
4.820389702,0
0,0
0,0
0,11.506055
0,0
0,0
0,0
0,0
0,0
0,0
0,0
0,0
0,0
0,0
0,0
0,0
0,0
0,0
0,0
0.452085553,0
0,0
0,0
0,0
0,0
11.05396945,0
0,0
0,0
0,32.10945268
0,0
0,0
0,0
0,0
0,0
0,0
0,0
0,0
0,0
0,0
0,0
0,0
0,0
0,0
0,52.70462767
0,0
10.61792399,0
18.15059712,0
28.92989681,0
27.11566243,0
0,0
0,0
0,0
0,47.29537233
0,52.70462767
0,0
0,0
0,0
0,0
0,0
0,0
0,0
0,0
0,0
0,0
0,0
0,0
0,0
0,0
5.965892696,0
10.84687611,0
17.34089176,0
19.9341134,0
19.73935675,0
14.16868982,0
11.20054137,0
0.803638107,0
0,47.29537233
0,52.70462767
0,0
0,0
0,0
0,0
0,0
0,0
0,0
0,0
0,0
0,0
0,0
0,0
0,0
0,0
0,0
0,0
18.50205468,0
31.45320933,0
27.85472049,0
3.737445637,0
13.55071509,0
0,0
0,0
0,0
0,0
0,0
0,0
0,0
0,0
0,0
0,0
0,0
0,0
0,0
0,0
0,0
0,0
0,0
0,0
0.192654013,0
0.512315485,0
1.246250934,0
1.080277049,0
1.047271364,0
0.823085918,0
0,0
0,52.70462767
0,9.509121507
0,0
0,0
0,0
0,0
0,0
0,0
0,0
0,0
0,0
0,0
0,0
0,0
0,0
0,0
0.014543742,0
1.403829062,0
7.362257729,0
7.139799625,0
17.23305683,0
15.3806144,0
13.67964778,0
0,0
0,52.70462767
0,36.85418693
0,0
0,0
0,0
0,0
0,0
0,0
0,0
0,0
0,0
0,0
0,0
0,0
0,0
0,0
2.558931105,0
7.153911205,0
12.92796164,0
20.50720085,0
18.40465914,0
16.09472981,0
9.612126532,0
2.299294319,0
0,0
0,50.79627102
0,0
0,0
0,0
0,0
0,0
0,0
0,0
0,0
0,0
0,0
0,0
0,0
0,0
0,0
1.014285869,0
5.596859496,0
9.88027495,0
10.96737267,0
11.70888108,0
5.898432472,0
5.730164488,0
0,0
0,47.29537233
0,0
0,0
0,0
0,0
0,0
0,0
0,0
0,0
0,0
0,0
0,0
0,0
0,0
0,0
0,52.70462767
0,0
0,0
23.75250323,0
27.27394495,0
17.99162174,0
6.027856926,0
6.730546124,0
1.120131116,0
0,0
0,0
0,0
0,0
0,0
0,0
0,0
0,0
0,0
0,0
0,0
0,0
0,0
0,0
0,0
0,0
0.121749414,0
1.009246768,0
1.714383239,0
1.505808476,0
1.928072844,0
1.098705358,0
0.689733787,0
0.055655599,0
0,0
0,0
0,0
0,0
0,0
0,0
0,0
0,0
0,0
0,0
0,0
0,0
0,0
0,0
0,28.17873168
0,52.70462767
0,0
0,0
25.51649901,0
28.04965116,0
21.27509671,0
15.0221529,0
0,0
0,0
0,0
0,0
0,0
0,0
0,0
0,0
0,0
0,0
0,0
0,0
0,0
0,0
0,0
0,0
0,0
0,1.373783827
0,0
0,0
1.373783827,0
0,0
0,0
0,0
0,47.29537233
0,0
0,52.70462767
0,0
0,0
0,0
0,0
0,0
0,0
0,0
0,0
0,0
0,0
0,0
0,0
0,0
0,0
0,0
0.695066024,0
2.727686405,0
4.102484258,0
4.16106651,0
3.210450183,0
2.921799921,0
1.859659088,0
0,0
0,0
0,19.67821239
0,0
0,0
0,0
0,0
0,0
0,0
0,0
0,0
0,0
0,0
0,0
0,0
0,0
0,0
0,0
10.7673233,0
22.34416176,0
31.52875796,0
33.55416229,0
0,0
0,0
1.80559469,0
0,0
0,6.457420705
0,0
0,0
0,0
0,0
0,0
0,0
0,0
0,0
0,0
0,0
0,0
0,0
0,0
0,0
0,0
0.450789339,0
1.157144215,0
1.964116908,0
1.537453555,0
0.90966123,0
0.438255457,0
0,0
0,0
0,0
0,0
0,0
0,0
0,0
0,0
0,0
0,0
0,0
0,0
0,0
0,0
0,0
0,5.188569046
0,0
0,0
0.470886681,0
1.241626777,0
1.573294615,0
1.902760973,0
0,0
0,0
0,0
0,47.29537233
0,0
0,0
0,0
0,0
0,0
0,0
0,0
0,0
0,0
0,0
0,0
0,0
0,0
0,0
0,0
0,0
0,0
0,0
0,0
0,0
0,0
0,0
0,0
0,0
0,0
0,0
0,0
0,0
0,0
0,0
0,0
0,0
0,0
0,0
0,0
0,0
0,0
0,0
0,52.70462767
0,0
0,0
0,0
9.179708969,0
6.24389657,0
4.29246378,0
0.877131554,0
0.010674909,0
0,0
0,0
0,0
0,0
0,0
0,0
0,0
0,0
0,0
0,0
0,0
0,0
0,0
0,0
0,0
0,0
0,0
0,0
0,20.60387578
0,0
0,0
0,0
0,0
0,0
0,0
0,0
0,0
0,0
0,0
0,0
0,0
0,0
0,0
0,0
0,0
0,0
0,0
0,0
0,0
0,0
1.51331719,0
16.84324602,0
26.51788037,0
28.4559168,0
26.66963962,0
0,0
0,0
0,0
0,0
0,0
0,0
0,0
0,0
0,0
0,0
0,0
0,0
0,0
0,0
0,0
0,0
0,0
0,0
0,26.61180517
0,0
0,0
0,0
0,0
26.61180517,0
0,0
0,0
0,0
0,0
0,0
0,43.20173195
0,0
0,0
0,0
0,0
0,0
0,0
0,0
0,0
0,0
0,0
0,0
0,0
0,0
0,0
0,0
0,0
19.85659607,0
23.34513588,0
0,0
0,0
0,0
0,0
0,52.70462767
0,0
0,0
0,0
0,0
0,0
0,0
0,0
0,0
0,0
0,0
0,0
0,0
0,0
0,23.59758554
0,0
0,0
0,0
0,0
31.9150387,0
26.8290494,0
16.27479418,0
1.283330924,0
0,0
0,0
0,0
0,0
0,0
0,0
0,0
0,0
0,0
0,0
0,0
0,0
0,0
0,0
0,0
0,0
0,0
0,0
0,0
0,0
0,0
0,0
0,0
0,0
0,52.70462767
0,47.29537233
0,0
0,0
0,0
0,0
0,0
0,0
0,0
0,0
0,0
0,0
0,0
0,0
0,0
0,0
0.359020915,0
10.59663921,0
18.23382121,0
28.30919048,0
27.04658109,0
15.45474709,0
0,0
0,0
0,27.69294667
0,52.70462767
0,0
0,0
0,0
0,0
0,0
0,0
0,0
0,0
0,0
0,0
0,0
0,0
0,0
0,0
0,0
2.016335948,0
3.478211054,0
7.404468859,0
5.734362606,0
9.609801689,0
4.859021854,0
0,0
0,52.70462767
0,0
0,0
0,0
0,0
0,0
0,0
0,0
0,0
0,0
0,0
0,0
0,0
0,0
0,0
0,0
0,0
0,0
9.435148192,0
15.50770944,0
14.40557356,0
9.442115945,0
3.91408053,0
0,0
0,52.70462767
0,0
0,0
0,0
0,0
0,0
0,0
0,0
0,0
0,0
0,0
0,0
0,0
0,0
0,0
0,0
0.038471587,0
3.325425414,0
4.035497284,0
5.07213695,0
6.628692915,0
5.19252154,0
2.631817812,0
0.498422753,0
0,0
0,0
0,0
0,0
0,0
0,0
0,0
0,0
0,0
0,0
0,0
0,0
0,0
0,0
0,0
0,0
0,0
2.28562968,0
3.811849535,0
4.357296418,0
3.41261046,0
3.24656208,0
1.142073944,0
0,0
0,0
0,0
0,0
0,0
0,0
0,0
0,0
0,0
0,0
0,0
0,0
0,0
0,0
0,0
0,0
0,0
0,10.67235455
5.094600713,0
11.17746738,0
17.36099611,0
15.11872951,0
11.66712679,0
4.574425675,0
0,47.29537233
0,0
0,0
0,0
0,0
0,0
0,0
0,0
0,0
0,0
0,0
0,0
0,0
0,0
0,0
0,0
0,52.70462767
0,0
0,0
11.7311602,0
13.58313482,0
14.35661285,0
8.487805187,0
0,48.15871306
0,0
0,0
0,0
0,0
0,0
0,0
0,0
0,0
0,0
0,0
0,0
0,0
0,0
0,0
0,0
0,0
0,0
0,0
0.655837137,0
1.872102784,0
3.065424951,0
2.544619282,0
2.316874841,0
0.818875028,0
0,0
0,0
0,0
0,0
0,0
0,0
0,0
0,0
0,0
0,0
0,0
0,0
0,0
0,0
0,0
0,0
0,0
0,0
1.85594865,0
7.397149202,0
5.477888335,0
4.505110304,0
3.704224694,0
3.079815134,0
0.017602022,0
0,0
0,0
0,0
0,0
0,0
0,0
0,0
0,0
0,0
0,0
0,0
0,0
0,0
0,0
0,0
0,0
0,0
0.851527982,0
1.784115094,0
2.066792332,0
1.951333461,0
1.422079233,0
0.447357616,0
0,0
0,0
0,0
0,0
0,0
0,0
0,0
0,0
0,0
0,0
0,0
0,0
0,0
0,0
0,0
0,0
0,0
0,0
0.246125686,0
1.391162792,0
1.499643783,0
1.686585584,0
1.735461161,0
0.377702956,0
0,0
0,0
0,0
0,0
0,0
0,0
0,0
0,0
0,0
0,0
0,0
0,0
0,0
0,0
0,0
0,0
0,0
0,0
0.190749551,0
0.965138023,0
2.061017771,0
1.057160899,0
0.792549601,0
0.723358538,0
0,0
0,0
0,0
0,0
0,0
0,0
0,0
0,0
0,0
0,0
0,0
0,0
0,0
0,0
0,0
0,0
0,0
0,0
0.264473658,0
1.86135711,0
3.552586753,0
3.845402733,0
0.913462611,0
0.200893779,0
0,0
0,0
0,0
0,0
0,0
0,0
0,0
0,0
0,0
0,0
0,0
0,0
0,0
0,0
0,0
0,0
0,0
0,0
0.411061586,0
2.056928186,0
3.634821942,0
6.515005594,0
4.116338799,0
0,0
0,35.7976258
0,0
0,0
0,0
0,0
0,0
0,0
0,0
0,0
0,0
0,0
0,0
0,0
0,0
0,0
0,0
0,0
0,0
0.48563035,0
3.976220873,0
5.877849718,0
6.071446365,0
4.785820328,0
1.590498845,0
0,0
0,0
0,0
0,0
0,0
0,0
0,0
0,0
0,0
0,0
0,0
0,0
0,0
0,0
0,0
0,0
0,0
0,0
3.744005777,0
5.896628748,0
0,0
10.69165778,0
6.744199841,0
0,52.70462767
0,47.29537233
0,0
0,0
0,0
0,0
0,0
0,0
0,0
0,0
0,0
0,0
0,0
0,0
0,0
0,0
0,0
0,0
0,0
0,0
0,0
0,0
0,0
0,0
0,0
0,0
0,0
0,0
0,0
0,0
0,0
0,0
0,0
0,0
0,0
0,0
0,0
0,0
0,0
0,0
0,0
0,0
0,0
0.251287347,0
1.175559616,0
2.259466733,0
2.05560549,0
1.389022967,0
0.515988746,0
0,0
0,0
0,0
0,0
0,0
0,0
0,0
0,0
0,0
0,0
0,0
0,0
0,0
0,0
0,0
0,0
0,0
0,0
0.50781661,0
1.694259484,0
2.505038384,0
2.346492325,0
4.053112088,0
2.77445202,0
0.07094374,0
0,0
0,0
0,0
0,0
0,0
0,0
0,0
0,0
0,0
0,0
0,0
0,0
0,0
0,0
0,0
0,0
0,0
0.21619574,0
1.530731053,0
2.640903249,0
3.248769018,0
1.290141039,0
0.867029559,0
0,0
0,0
0,0
0,0
0,0
0,0
0,0
0,0
0,0
0,0
0,0
0,0
0,0
0,0
0,0
0,0
0,0
0,0
0.165316491,0
0.636729384,0
0.821881696,0
0.601963447,0
0.624246455,0
0,0
0,0
0,34.24295268
0,0
0,0
0,0
0,0
0,0
0,0
0,0
0,0
0,0
0,0
0,0
0,0
0,0
0,0
0,0
0,0
1.184424072,0
4.653203,0
4.409929607,0
6.675293466,0
12.85448709,0
9.139487058,0
0,0
0,38.91682429
0,0
0,0
0,0
0,0
0,0
0,0
0,0
0,0
0,0
0,0
0,0
0,0
0,0
0,0
0,0
0,0
0,0
0.614614823,0
1.514439484,0
3.255812572,0
7.172642077,0
4.265048211,0
0.193620362,0
0,0
0,0
0,17.01617753
0,0
0,0
0,0
0,0
0,0
0,0
0,0
0,0
0,0
0,0
0,0
0,0
0,0
0,0
5.075250378,0
15.67159344,0
24.3175617,0
25.70231587,0
21.54205309,0
7.691225531,0
0,0
0,0
0,4.64570802
0,0
0,0
0,0
0,0
0,0
0,0
0,0
0,0
0,0
0,0
0,0
0,0
0,0
0,0
0,0
4.64570802,0
0,0
0,0
0,0
0,0
0,0
0,0
0,52.70462767
0,47.29537233
0,0
0,0
0,0
0,0
0,0
0,0
0,0
0,0
0,0
0,0
0,0
0,0
0,0
0,0
0,0
0,0
0,0
0,0
0,0
0,0
0,0
0,0
0,0
0,0
0,0
0,0
0,0
0,0
0,0
0,0
0,0
0,0
0,0
0,0
0,0
0,0
0,0
0,0
0,0
4.162861605,0
13.12930544,0
21.72052182,0
20.08015873,0
19.22616411,0
10.73204251,0
0.377794636,0
0,0
0,0
0,0
0,0
0,0
0,0
0,0
0,0
0,0
0,0
0,0
0,0
0,0
0,0
0,0
0,0
0,0
0,23.69951359
6.149226222,0
8.295366758,0
6.2022553,0
6.128821315,0
7.494995134,0
0,0
0,0
0,0
0,0
0,0
0,0
0,0
0,0
0,0
0,0
0,0
0,0
0,0
0,0
0,0
0,0
0,52.70462767
0,47.29537233
0,0
0,0
0,0
25.43167706,0
0,0
0,0
0,0
0,25.43167706
0,0
0,0
0,0
0,0
0,0
0,0
0,0
0,0
0,0
0,0
0,0
0,0
0,0
0,0
0,0
0,0
1.791154843,0
5.97332917,0
3.192257201,0
4.468190224,0
4.592211919,0
5.719661287,0
0.282270183,0
0,26.01907483
0,0
0,0
0,0
0,0
0,0
0,0
0,0
0,0
0,0
0,0
0,0
0,0
0,0
0,0
0,0
0,0
0.6948082,0
3.731938,0
7.207151468,0
17.54449701,0
13.64585543,0
9.04273467,0
0.557547178,0
0,0
0,0
0,0
0,0
0,0
0,0
0,0
0,0
0,0
0,0
0,0
0,0
0,0
0,0
0,0
0,0
0,0
0,0
0,0
23.58028246,0
23.99518559,0
0,0
0,0
0,0
0,47.29537233
0,52.70462767
0,0
0,0
0,0
0,0
0,0
0,0
0,0
0,0
0,0
0,0
0,0
0,0
0,0
0,0
0,0
1.336922431,0
4.502558453,0
3.978188832,0
5.099671746,0
3.752769591,0
1.342718919,0
0,20.01282997
0,0
0,0
0,0
0,0
0,0
0,0
0,0
0,0